,changerate,lastmin,lastmax,valmax,valmin,changepercent,degree
0,-0.06505001046346358,-0.31271659181498934,-0.4269912288418704,-0.322244940051978,-0.1979356058434896,0.4106728628590078,2
1,0.04707394319453913,-0.4670425903322385,-0.2871043168192952,-0.3336439301589098,-0.33662712387287996,0.8959630580119579,3
2,-0.12249623363392176,-0.4670425903322385,-0.358007655575477,0.7118926228084368,-0.33662712387287996,-0.5059863946521198,-1
3,-0.05328391656108058,-0.4670425903322385,-0.3725978732978682,-0.12915056998527932,-0.33662712387287996,0.3028305972694634,2
4,-0.5405386287538825,0.2263445377958389,-0.05878020790047149,-0.417203218925205,-0.2279541787723542,-2.1236203784952865,-3
5,-0.015909265341746345,-0.4670425903322385,-0.4015223400106788,-0.4379350902344554,-0.33662712387287996,0.9498841908067301,3
6,-0.15987088485325598,-0.03092860974457889,-0.24589335097183934,-0.39331182702529516,-0.19722263228807052,-0.6677497930364366,-1
7,-0.11682082363394879,-0.3259023142515233,-0.44017361853841686,-0.4525182998701792,-0.32719416007299057,-0.5059863946521198,-1
8,0.007622922463019655,2.1170558871723997,1.3065570084369786,0.22629404528913916,0.7733496397066567,-0.23638073067825885,1
9,-0.20347464460914594,-0.20749604237172867,-0.3482808437605495,1.33659191700217,-0.10378462189583461,-1.3687245193684754,-2
10,-0.09668003936575201,-0.4149817207121304,-0.5068278763438672,-0.3746936860293868,-0.2521989056212564,0.35675173006423555,2
11,-0.10159411387792373,-0.4670425903322385,-0.46751107911300244,-0.3221041976018965,-0.33662712387287996,-0.12853846508871442,1
12,-0.02144625070757364,-0.4670425903322385,-0.013473742341467239,-0.3309431546053459,-0.33662712387287996,-0.020696199499169968,1
13,0.3716797102661643,1.7032970107156453,0.9482007836764931,-0.28157838291071063,-0.09964538211906693,0.3028305972694634,2
14,-0.22700683241391192,-0.4670425903322385,-0.08949645573708455,-0.47339365566193903,-0.33662712387287996,-0.9373554570102977,-2
15,-0.08332206217069366,-0.39759020749842616,-0.4954628646443203,-0.3022541153270062,-0.16901454479106995,0.7341996596276412,3
16,-0.29414277997456784,-0.25523745119366187,-0.3943552155154691,-0.47985093644253474,-0.2988089743401824,-2.8785162376220974,-3
17,-0.042902069000154405,-0.03585431065477835,-0.24461350731198048,-0.3127395940596698,-0.24971050111808843,0.08714606609037447,1
18,-0.11903561778027971,0.8314479496103414,0.4685153799613859,1.0031281062911335,2.5334258985645186,-0.3981441290625755,-1
19,0.024233878560501538,-0.10936092423775486,-0.2650910058697225,-0.01185724094234619,-0.0719761730675967,0.6263573940380968,2
20,0.09067770295042907,0.33433105775021166,0.09326521889076311,-0.3017051810282895,-0.14021029306177632,0.35675173006423555,2
21,0.5654741980701196,0.9610317735555887,0.6502531796613464,0.0883419251837253,-0.2273991494091249,0.8420419252171857,3
22,-0.2962191494867531,-0.0013744042833821431,-0.18599666769044387,-0.45198219123990496,-0.3362520250297949,-1.4765667849580197,-3
23,0.03876846514579819,0.4574735805051981,0.13805974698582382,0.51269127449746,0.666490559218912,0.08714606609037447,1
24,-0.0034510482686349337,-0.4670425903322385,-0.29043191033492827,-0.37336940662148854,-0.33662712387287996,0.5185151284485523,2
25,-0.08526000704873321,-0.3994468178415013,-0.49605159272785543,-0.27516441366556316,0.2716556030723431,0.6263573940380968,2
26,5.35427441634,6.008359606229972,5.039860964245324,-0.44340614474173407,-0.3365929593252924,1.7587011827283134,3
27,-0.08789007509750117,-0.3999772779395228,-0.4960003989814611,-0.032333118752610315,0.09819777886791806,0.5185151284485523,2
28,-0.0813841172926541,-0.39239927653921597,-0.48885887135944855,-0.34946152655850377,-0.22967660571409212,0.6802785268328689,2
29,-0.1065774007071683,0.042956903908412974,-0.17575791841157284,0.09284165602419335,2.124616870369772,-0.3442229962678033,-1
30,-0.06380418875615244,-0.3227953336773975,-0.43559177823612205,-0.4075490766194957,-0.220815920850097,0.4645939956537801,2
31,-0.3259804458280748,-0.09079482080700306,-0.2768655675404242,-0.4458930050112588,-0.2794558778546056,-1.9618569801109698,-3
32,-0.2789160702185428,-0.4670425903322385,-0.13019548412059684,-0.49235613840453285,-0.33662712387287996,-1.2069611209841586,-2
33,0.15850577368181343,2.071208978700543,1.4652576222594795,-0.3653722469027729,-0.17184594804800699,-0.12853846508871442,1
34,1.2375257968474074,-0.4670425903322385,0.12526131038723506,-0.5039908485453152,-0.33662712387287996,3.7537830961348853,3
35,-0.08892825985359379,-0.4133145604040629,-0.5077493637789655,-0.4732322034232737,-0.21970311580657478,0.7341996596276412,2
36,-0.07626240582926386,-0.428849463274692,-0.5132014977699644,-0.2789179880079896,-0.16387869316370865,1.8665434483178578,3
37,-0.06505001046346358,-0.02145610799419532,-0.21671291552705693,-0.41976239578206087,-0.2198303747325224,-0.0746173322939422,1
38,-0.183403072658022,-0.2438704490932016,-0.3743896544216706,-0.18250729748833924,-0.1839583900916075,-1.260882253778931,-2
39,-0.10034829217061259,-0.3601548805809103,-0.4690980852512275,-0.33312701038098164,-0.15023776156001073,-0.12853846508871442,1
40,-0.2249304629017267,-0.4670425903322385,-0.20826594737198834,-0.35600770771233914,-0.33662712387287996,-1.0451977225998421,-2
41,-0.10595448985351272,-0.379137774088679,-0.4860176184345618,-0.44975391207305876,-0.3149948373775885,-0.23638073067825885,1
42,-0.0830452129024023,-0.4670425903322385,-0.3754135293495577,0.09511280273998074,-0.33662712387287996,-0.0746173322939422,1
43,-0.34120715558409986,-0.08662692003683428,-0.21364129074339563,0.282414079685466,-0.22190587231756265,-1.9079358473161976,-3
44,-0.3522811263157544,3.1272034738333043,2.0975003902297646,0.06486240620289858,0.4316039024728333,-0.5599075274468921,-1
45,-0.1910164275360345,-0.21696854412211225,-0.36978221724617866,-0.46290789710502905,-0.3130217506338647,-1.260882253778931,-2
46,-0.10346284643889044,-0.379706124193702,-0.4872718652212235,-0.13402589952842495,0.43821143681789865,-0.12853846508871442,1
47,-0.12734109582902065,0.682919122164327,0.2673239566315704,0.23169304100544386,1.2141425464993467,-0.3981441290625755,-1
48,-0.10983037960959183,-0.34102042704513547,-0.4603951483641871,-0.30474490334820326,-0.2780399779097009,-0.3442229962678033,1
49,0.07199037734076194,-0.013499206523873115,-0.20493835385635525,-0.4258155715880045,-0.2002987542584241,0.7881207924224134,3
50,-0.13564657387776158,-0.23477684741283336,-0.3859082473604005,-0.4448049852932538,-0.2412420248458262,-0.6677497930364366,-1
51,-0.09522658070722234,-0.42422688242050477,-0.5165546881587947,-0.3610895026451217,0.02406020697257985,0.5724362612433246,2
52,-0.08782086278042833,-0.39516524705032796,-0.48942200256978646,1.5588422407422595,0.21670782508239647,0.5185151284485523,2
53,0.15296878831598615,0.8041671445692368,0.39274863529774034,-0.28352045600138953,-0.1579446423781536,0.24890946447469112,2
54,-0.052591793390352165,-0.4670425903322385,-0.38027693525702144,0.39474632211785965,-0.33662712387287996,0.35675173006423555,2
55,-0.3259804458280748,0.4063220710531268,0.06280493978612184,-0.456333565375144,-0.3242344123130196,-1.0991188553946143,-2
56,-0.09543421765844086,-0.4670425903322385,-0.48010474072601383,-0.4343026572880226,-0.33662712387287996,0.08714606609037447,1
57,0.46926907733887036,0.6446502150927774,0.32926838976874007,-0.4132161490271476,-0.27866927579838446,1.0038053236015023,3
58,2.616927276109132,1.923816851464575,1.3308740379742974,-0.5049686064184589,-0.3328123327254148,2.89104497141853,3
59,0.034615726121427715,-0.0006166041433514575,-0.14760135789467754,-0.33948238405531617,-0.24971920563426142,0.4645939956537801,2
60,-0.07557028265853545,-0.32730424451058004,-0.43927772797651565,-0.36223754701854954,-0.22632969976066175,0.3028305972694634,2
61,-0.4858608982663379,-0.4670425903322385,-0.21133757215564966,-0.44995132092566403,-0.33662712387287996,-2.8245951048273255,-3
62,-0.08685189034140856,-0.36777077198821867,-0.4711202382338045,-0.46296550066191594,-0.20374602476071507,0.24890946447469112,2
63,-0.08789007509750117,0.2456684413666214,0.02031413027880712,-0.33639710262747774,-0.2810830167261392,-0.29030186347303105,1
64,-0.02213837387830205,-0.17907853712057797,-0.31526087733619046,-0.45048864100033253,-0.21337534923190943,0.4645939956537801,2
65,-0.10588527753643988,-0.050252513315361375,-0.24230978872423448,-0.3912208890701126,-0.06379765298784472,-0.3442229962678033,1
66,-0.17994245680437992,-0.4670425903322385,-0.12379626582130245,0.42972546361319475,-0.33662712387287996,-0.7216709258312087,-1
67,5.465014123656546,4.4416078167165285,3.149531878633762,-0.40132179409350005,-0.335919147009744,2.7832027058289857,3
68,-0.05051542387816693,-0.4670425903322385,-0.2794252548601419,0.6200997113153368,-0.33662712387287996,0.08714606609037447,1
69,0.20695439563280227,0.15435352449292378,-0.035487053291039926,-0.27693257887097095,-0.11520532588338028,1.0038053236015023,3
70,-0.07335548851220453,-0.4670425903322385,-0.34725696883266244,-0.4578226356246398,-0.33662712387287996,0.03322493329560225,1
71,0.03599997246288454,0.07402670964967109,-0.07823383153032643,-0.2688902965001016,-0.07300793524394301,0.35675173006423555,2
72,-0.10899983180471773,-0.4670425903322385,-0.5142509695710487,-0.2900399124568982,-0.33662712387287996,-0.29030186347303105,1
73,-0.18970139351165052,-0.2958934287063082,-0.4199520887126466,-0.46139875949905207,-0.33510732009781363,-1.6383301833423365,-3
74,-0.0484390543659817,-0.25069065035347776,-0.3736217482257553,3.5611578059020355,0.5375966126216651,0.4106728628590078,2
75,-0.13426232753630477,0.39684956930274323,0.1237254979954044,-0.3710357052148789,-0.11315470039049112,-0.5059863946521198,-1
76,-0.037780357536764154,-0.31434586211605536,-0.42343326346746274,-0.44115661197376205,-0.1858741595410542,0.8959630580119579,3
77,-0.3522811263157544,1.3876732523928648,0.7856606388744157,-0.479470284359154,-0.302444418007273,-0.7216709258312087,-1
78,-0.2976033958282099,-0.18438313810079277,-0.3150049086042187,-0.12068546994786931,-0.3011906394122716,-2.1236203784952865,-3
79,-0.08906668448773948,-0.3587529503218535,-0.4598320171538492,0.3546438900229521,0.628321139908414,0.14106719888514668,1
80,-0.11875876851198834,-0.28138155602472054,-0.3994745901549046,-0.35794305435742674,-0.1874981515430567,-0.5059863946521198,-1
81,-0.062489154731768456,-0.3787209840116621,-0.4798743688672392,-0.23237467213279153,-0.26927908363770453,1.1116475891910467,3
82,-0.08816692436579254,-0.2833139463817988,-0.4221278229344067,-0.2805845424717588,-0.22679922771730027,-0.020696199499169968,1
83,-0.0719712421707477,-0.4670425903322385,-0.35109649981223906,-0.3627289684211,-0.33662712387287996,0.08714606609037447,1
84,-0.1896321811945777,-0.4670425903322385,-0.004002899258511548,-0.3136987461501329,-0.33662712387287996,-0.6677497930364366,-1
85,-0.47824754338832537,-0.4670425903322385,0.023897692526411975,-0.23283196983248558,-0.33662712387287996,-1.6922513161371087,-3
86,0.507335851728933,0.412005572103357,0.22944058429974762,-0.1864353559944184,0.06792810382583711,1.3273321203701356,3
87,-0.08498315778044184,-0.38648843544697664,-0.4882189495295191,-0.03661828933944824,0.14147308028021174,0.5185151284485523,2
88,-0.1281024313168219,-0.33480646589688384,-0.44938849288940075,-0.4574832644555884,-0.3350609893531971,-0.7216709258312087,-1
89,-0.12180411046319335,-0.034338710374716974,-0.23335088310522234,-0.5005085757499741,-0.2843599625428876,-0.45206526185734763,-1
90,-0.0830452129024023,-0.2639521528040148,-0.3859082473604005,-0.32935646379510136,-0.10320051441341532,-0.020696199499169968,1
91,-0.24984689704794952,-0.029034109394502176,-0.22285616509437955,-0.43101027859704244,-0.30439293201792067,-1.260882253778931,-2
92,-0.0978566487559903,-0.41581530086616414,-0.5118960572369083,-0.43202712584694164,-0.1703971223360052,0.3028305972694634,2
93,-0.018677758024659992,-0.4670425903322385,-0.3692702797822351,-0.39618874139504234,-0.33662712387287996,0.7341996596276412,3
94,-0.1006943537559768,-0.4670425903322385,-0.5115888947585422,-0.2897291242448971,-0.33662712387287996,0.1949883316799189,1
95,-0.06511922278053642,-0.3306006751197135,-0.4384330311610088,-0.2444049660161452,-0.21205182555031815,0.5185151284485523,2
96,-0.03542713875628756,-0.3686801321562555,-0.4672807072542279,-0.40564761267036215,-0.11572113072789127,1.7047800499335413,3
97,0.16058214319399866,0.08198361111999329,-0.06825105098342718,-0.3294803445186849,-0.11760533051476522,0.9498841908067301,3
98,-0.14471338741430376,-0.28918689746703663,-0.4043379960623683,-0.26487638567352106,-0.2500002613308442,-0.9373554570102977,-2
99,0.02077326270685948,-0.23288234706275665,-0.33983387560548095,-0.131896002063737,0.14369809311895432,1.0038053236015023,3
100,-0.023522620219758872,0.4044275707030501,0.10350396816963413,-0.30871018348397616,-0.3170833443625514,-0.0746173322939422,1
101,-0.044286315341611225,-0.22340984531237307,-0.35416812459590036,-0.005924439378073514,0.6906575018916946,0.35675173006423555,2
102,-0.09038171851212345,-0.3480679683474209,-0.4614190232920742,-0.3557652182162438,-0.2933516476617206,0.08714606609037447,1
103,-0.12111198729246495,0.011887098167154858,-0.17294226235988333,-0.3117318415180986,-0.22464002657609788,-0.45206526185734763,-1
104,-0.07958459704876024,-0.4670425903322385,-0.3861642160923723,-0.4162750994993412,-0.33662712387287996,0.03322493329560225,1
105,0.11974687612102236,-0.2093905427218054,-0.2855685044274645,-0.21625940845675884,0.10299779521610983,1.5969377843439967,3
106,0.05953216026765054,-0.17983633726060866,-0.2881281917471823,0.7302651374200699,3.9979061560194182,1.165568721985819,3
107,-0.25399963607232,-0.14043072997901299,-0.2594596937663434,0.2501721290748061,-0.334845078457663,-1.4765667849580197,-3
108,-0.0798614463170516,-0.3696273823312939,-0.47321918183597306,-0.375764140583992,-0.15176132136244894,0.4645939956537801,2
109,-0.07882326156095898,-0.4670425903322385,-0.4056178397222272,-0.421478205477891,-0.33662712387287996,0.08714606609037447,1
110,0.5855457700212435,0.23013353849599233,0.06254897105415007,-0.32964075943057713,-0.3167799337830105,2.2439913778812635,3
111,-0.09896404582915576,-0.4670425903322385,-0.32473172041914616,-0.14131794632265168,-0.33662712387287996,-0.23638073067825885,1
112,-0.07792350143901204,-0.4670425903322385,-0.45706755484855405,-0.2773566290679666,-0.33662712387287996,0.4106728628590078,2
113,-0.654046828753342,0.9727776757260643,0.5378829063257371,0.3421604188772296,-0.018129726599510242,-1.4226456521632476,-3
114,-1.3856210202132733,3.8152860009811667,2.74996468802582,0.5128665848548487,0.02283714937243736,-1.2069611209841586,-2
115,-0.10512394204863863,-0.4670425903322385,-0.5287387998006512,-0.5003308482754152,-0.33662712387287996,0.14106719888514668,1
116,-0.018400908756368625,-0.4670425903322385,-0.41483271407321115,-0.04730291912059398,-0.33662712387287996,1.1116475891910467,3
117,-0.05501422448790161,-0.29456727846125447,-0.4119914611483244,-0.3049707982507137,-0.28417077906476507,0.5185151284485523,2
118,0.0629927761212926,-0.4670425903322385,0.21868989755693305,-0.3292696243293823,-0.33662712387287996,0.14106719888514668,1
119,-0.08602134253653447,-0.4033873785696609,-0.4987392644135591,-0.4004551998698778,-0.07224051478157047,0.6802785268328689,2
120,-0.10934589339008194,-0.4670425903322385,-0.40101040254673526,-0.4254062645288296,-0.33662712387287996,-0.3442229962678033,-1
121,-0.0869211026584814,-0.37667492363357924,-0.47682834095677507,-0.0953859846815748,0.4682770148124889,0.35675173006423555,2
122,-0.08906668448773948,-0.4670425903322385,-0.48883327448625136,-0.3538240049916149,-0.33662712387287996,0.4106728628590078,2
123,-0.030443851927042992,-0.23553464755286405,-0.3613352490911101,-0.39139963254798077,-0.23752085774969597,0.5185151284485523,2
124,-0.08975880765846789,-0.3053280404496902,-0.4329553002968128,-0.5077133058866831,-0.32957550290913723,-0.020696199499169968,1
125,-0.03459659095141346,-0.4670425903322385,-0.24384560111606515,-0.4387670697162088,-0.33662712387287996,0.1949883316799189,1
126,-0.12817164363389474,-0.3366251862329575,-0.45143624274517496,-0.4401190425397265,-0.23771149053579146,-0.7216709258312087,-1
127,-0.3107537360720497,0.9273096673242232,0.45546097463082535,-0.4308156917349894,-0.2781574611016751,-0.775592058625981,-1
128,-0.8492255628987541,-0.4670425903322385,0.5076785959530675,-0.054044594311900146,-0.33662712387287996,-1.9618569801109698,-3
129,-0.03092833814655288,-0.2974848090003726,-0.395635059175328,0.4636015836896519,0.013842145411838674,0.8420419252171857,3
130,0.13704995538923265,-0.4670425903322385,-0.04905339608554402,-0.3168396131272356,-0.33662712387287996,0.7341996596276412,2
131,0.18965131636459195,0.12214701854161963,-0.001955149402737344,-0.04917976381728963,-0.2193547525969756,0.8420419252171857,3
132,0.16335063587691231,-0.4670425903322385,1.7609015076868801,-0.4424146028974545,-0.33662712387287996,-0.12853846508871442,1
133,-0.11619791278029322,-0.3521979791105881,-0.4647466168077073,-0.44402980522199975,-0.12981233026478886,-0.5059863946521198,-1
134,-0.001374678756449698,0.2017160332448416,-0.05391680199300776,-0.32140321947567113,-0.039951166987518966,0.08714606609037447,1
135,0.7931827212397671,0.9310986680243766,0.6973514263441531,-0.3083813372598512,-0.1855396508563806,1.2734109875753634,3
136,-0.11737452217053151,-0.39921947779949213,-0.4993791862434885,-0.35230987446876644,-0.2691628448041062,-0.6677497930364366,-1
137,0.07129825417003353,-0.4670425903322385,-0.24742916336367,1.2631117698214729,-0.33662712387287996,0.9498841908067301,3
138,-0.015770840707600663,-0.4670425903322385,-0.4446018776015286,-0.23521866566643204,-0.33662712387287996,1.5969377843439967,3
139,0.18134583831585102,0.31728055459952126,0.1152785298403358,3.274514352839917,4.4799058715211135,0.6263573940380968,2
140,-0.11100698899983014,-0.4670425903322385,-0.4932103398029687,-0.3157923930803421,-0.33662712387287996,-0.3981441290625755,-1
141,0.004162306609377596,-0.21052724293185143,-0.3444413127809729,0.025231425026178714,0.03176556148531929,0.8420419252171857,3
142,-0.07930774778046887,-0.4063427991157806,-0.492391239860659,0.10374523878202113,-0.13954696506007913,0.8959630580119579,3
143,0.015789975877614913,-0.2900583676280719,-0.395635059175328,-0.33030381174686296,-0.16654819769620585,1.4351743859596802,3
144,-0.08186860351216399,-0.4670425903322385,-0.4943366022236445,5.08653314905845,-0.33662712387287996,0.7341996596276412,3
145,-0.5557653385099075,0.11608461742137414,-0.09922326755201201,-0.18707439354480004,-0.3187500609686224,-2.44714717526392,-3
146,-0.10588527753643988,-0.4102454698369386,-0.5013757423528683,1.120452746608654,2.2957023618318866,-0.0746173322939422,1
147,0.002085937097192361,0.21800873625550138,0.06715640822964201,-0.34669785878925535,-0.12080875754168557,0.08714606609037447,1
148,-0.089274321438958,-0.4670425903322385,-0.36722252992646087,-0.08414271660430385,-0.33662712387287996,-0.0746173322939422,1
149,-0.09827192265842735,-0.37190078275138594,-0.46702473852225607,0.1502508928044406,0.9462747036519795,-0.020696199499169968,1
150,0.04776606636526754,0.04447250418847434,-0.10715829824313704,0.27728214538886764,0.3059930147531387,0.4106728628590078,2
151,-0.1065774007071683,-0.24955395014343174,-0.3843724349685699,-0.24983211771817548,-0.052248674974599923,-0.3442229962678033,1
152,0.5197940688020444,3.4545731343265604,2.4451059282474357,0.45134463347827297,-0.12419720528598918,0.03322493329560225,1
153,-0.0629044286342055,-0.33923959671606335,-0.4499004303533443,-0.23932581026578556,0.15953997863447128,0.6802785268328689,2
154,0.1162862602673803,0.2945465503986006,0.05410200289908147,-0.14197581180269567,0.02465784501031515,0.4106728628590078,2
155,-0.05923617582934492,-0.35678266995777375,-0.4583473985084129,-0.15094822167893385,0.18662661125766586,0.8420419252171857,3
156,-0.0822146650975282,-0.4081236294448527,-0.4934407116617433,13.325055415368128,5.174705290310988,0.8959630580119579,3
157,-0.0006825555857212863,-0.09799392213729458,-0.234886695497053,-0.3878777036753534,-0.020334501098954835,0.35675173006423555,2
158,-0.1778660872921947,0.013781598517231571,-0.1813892305149519,0.29756914280967045,-0.32783903288733685,-0.775592058625981,-1
159,-0.5737605409488462,0.46884058260565836,0.1841341187407434,-0.05696115362823339,-0.31058317831744636,-1.6922513161371087,-3
160,-0.04913117753671011,-0.21886304447218896,-0.3536561871319568,-0.36449667049208295,-0.1145564817654395,0.24890946447469112,2
161,-0.23462018729192446,-0.4670425903322385,0.0766272513125977,0.7348971574497553,-0.33662712387287996,-0.8295131914207532,-1
162,-0.07709295363413796,-0.3945211169313019,-0.48394427170559046,0.11099567007151363,0.04998940841692728,0.7881207924224134,3
163,0.0027780602679207725,-0.12338022682832255,-0.2671387557254967,1.307824096651548,-0.04283366585991912,0.4645939956537801,2
164,-0.09266572497552722,-0.4670425903322385,-0.4562996486526387,0.18546298784868448,-0.33662712387287996,0.03322493329560225,1
165,0.09344619563334271,0.13313512057206459,-0.07720995660243932,-0.27807753083620934,-0.06026482507397928,0.5724362612433246,2
166,-0.09861798424379156,-0.3569342299857799,-0.45691397360937097,5.545720648735801,10.874886751420084,-0.0746173322939422,1
167,0.23740781514485237,0.5537141982890952,0.2775627059104414,-0.2072555348931774,-0.07506718535356681,0.5724362612433246,2
168,-1.0547861446050923,0.33243655740013495,0.1060636554893519,-0.36381254360381116,-0.3331711358519131,-3.4177275655698196,-3
169,-0.02857511936607628,-0.3552670696777124,-0.44301487146330354,0.17612146626130704,0.2738153180950748,1.3812532531649078,3
170,-0.060828059122020266,-0.36587627163814196,-0.457349120453723,-0.3406913191810739,-0.1588895917418442,0.8959630580119579,3
171,-0.09321942351210995,-0.40963922972491407,-0.502757973505516,-0.11438123167545293,0.1327552821446723,0.4106728628590078,2
172,-0.10055592912183112,-0.4670425903322385,-0.44508821819227495,-0.3731808756620684,-0.33662712387287996,-0.12853846508871442,1
173,-0.0916275402194346,-0.399636267876509,-0.49159773679154656,6.389417839467049,7.740932300713316,0.4106728628590078,2
174,-0.03805720680505552,-0.2711512541343063,-0.38027693525702144,1.9601981721937212,-0.17301725497035697,0.5724362612433246,2
175,0.04015271148725501,-0.17074273558024042,-0.28224091091183146,-0.10110470206705413,0.11549577956240548,0.9498841908067301,3
176,0.13635783221850423,0.35706506195113225,0.06510865837386781,-0.34234231208142535,-0.27521504405752517,0.4645939956537801,2
177,-0.1417372577801716,-0.4670425903322385,-0.5136622414875136,-0.34384775097129183,-0.33662712387287996,-2.2853837768796033,-3
178,-0.05397603973180899,0.041441303628351606,-0.18343698037072612,-0.49509935734173943,-0.3250789723665614,-0.020696199499169968,1
179,-0.2962191494867531,0.7155045281856465,0.348722013398595,-0.4766392288245153,-0.3174849441910548,-0.8834343242155254,-2
180,-0.024906866561215695,-0.16998493544020973,-0.324987689151118,-0.4646293507663964,-0.3145553445997334,0.4106728628590078,2
181,-0.08740558887799128,-0.37326482300344116,-0.47552290042371903,-0.4282353603752662,-0.21027280308512594,0.3028305972694634,2
182,-0.0857444932682431,-0.4670425903322385,-0.5149676820205696,0.6807298502907769,-0.33662712387287996,1.3273321203701356,3
183,-0.06712637997564881,-0.2673622534341529,-0.39486715297941266,-0.3163527450917623,-0.19828948049373474,0.1949883316799189,2
184,-0.06781850314637723,-0.4670425903322385,-0.40331412113448123,-0.3272865932586786,-0.33662712387287996,0.24890946447469112,2
185,0.18480645416949307,0.4241303743438479,0.1060636554893519,-0.49659325944376126,-0.3214304753171685,0.5724362612433246,2
186,0.17719309929148055,0.6863292227944651,0.31851770302592547,-0.2802067264479798,-0.1532945350145286,0.3028305972694634,2
187,-0.09619555314624212,0.5938776057107216,0.23660770879495735,-0.35322431928456977,-0.2533581075902507,-0.3442229962678033,1
188,-0.027675359244129345,-0.23288234706275665,-0.3626150927509689,-0.38358461206582184,-0.1770942033359247,0.5724362612433246,2
189,-0.002758925097906522,-0.10026732255738663,-0.24077397633240383,-0.3275873812059448,-0.17126150099297463,0.4106728628590078,2
190,-0.14118355924358889,-0.23970254832303284,-0.3621031552870254,-0.3318298305814144,-0.33566785573837615,-0.5599075274468921,-1
191,0.07129825417003353,-0.12489582710838391,-0.25510822532282323,-0.3583523811093789,-0.21270081367569008,1.0577264563962745,3
192,-0.020062004366116815,0.5218865924078064,0.17133568214215464,-0.16713584277172983,0.22732949405809538,-0.12853846508871442,1
193,0.15366091148671454,-0.011225806103781058,-0.20621819751621412,-0.42299150780659095,-0.3170813359469519,1.2734109875753634,3
194,-0.08581370558531594,0.7814331403683162,0.35947270014140953,0.25083846458960174,-0.08899848421731008,-0.29030186347303105,1
195,-0.11972774095100812,0.1926224315644734,-0.041630302858362535,-0.4152771713574416,-0.21393600095278806,-0.45206526185734763,-1
196,-0.06442709960980801,-0.3378376664570066,-0.44575373689540154,-0.38407049638090823,-0.17556021292562574,0.6263573940380968,2
197,-0.05397603973180899,-0.4670425903322385,-0.3518644060081544,-0.20239579035018962,-0.33662712387287996,0.1949883316799189,2
198,-0.01660138851247476,-0.21696854412211225,-0.3621031552870254,-0.44727406345191295,-0.30235888377407333,0.6802785268328689,2
199,0.25401877124233424,0.3684320640515925,0.06050122119837586,-0.477334633369369,-0.2912708429826169,0.8959630580119579,3
200,0.6443762395331585,2.194730401525545,1.6725922951566174,-0.43926239891300833,-0.3188904190306072,0.35675173006423555,2
201,-0.032520221439228225,0.4612625812053515,0.1132307799845616,-0.45638110875999954,-0.2945366763704009,-0.12853846508871442,1
202,0.436739288314635,0.5559875987091872,0.333875826944232,-0.24302859825493348,-0.08692547859022515,1.0577264563962745,3
203,0.11420989075519507,-0.09079482080700306,-0.24768513209564177,0.10703144536741499,-0.27313789270486427,1.2194898547805912,3
204,-0.29691127265748146,0.14601772295258625,-0.11406945400637497,-0.4860846967285929,-0.3194305313194458,-1.2069611209841586,-2
205,0.02492600173122995,1.1906452159848864,0.6384786179906449,-0.3921557574364793,-0.23367630933781464,-0.12853846508871442,1
206,-0.09003565692675926,-0.38247209470481397,-0.482152490581788,-0.3900736256203841,-0.2559180273294526,0.1949883316799189,2
207,0.4422762736804623,0.2918942499084932,0.09428909381865022,-0.2674070769903045,-0.27731430946417673,1.5430166515492245,3
208,0.09206194929188588,0.24869964192674412,-0.036766896950898804,-0.4554700938344375,-0.21245238220120136,0.4645939956537801,2
209,-0.10173253851206941,-0.4117231801099985,-0.5053176608252337,-0.41665847146661317,-0.23391207829654612,0.03322493329560225,1
210,-0.09342706046332847,0.18163432953402844,-0.06569136366370942,-0.20119545093101576,0.09049904353369849,-0.3442229962678033,1
211,-0.10899983180471773,-0.4670425903322385,-0.5300954340801015,1.371579757026851,-0.33662712387287996,-0.29030186347303105,1
212,-0.089274321438958,-0.02031940778414929,-0.21261741581550853,-0.2295039429335819,0.2401378300591986,-0.23638073067825885,1
213,-0.06221230546347709,-0.38819348576204565,-0.47367992555352223,2.6957479352308176,1.1649866954930708,1.165568721985819,3
214,-0.14810479095087298,-0.4670425903322385,0.8214962613504643,-0.44174107255253275,-0.33662712387287996,-0.3981441290625755,-1
215,-0.0664342568049204,-0.3230226737194067,-0.44380837453241606,-0.30074707857453126,-0.20399399082097527,0.5185151284485523,2
216,-0.08615976717068015,-0.31267870180798785,-0.4384074342878116,-0.4817903724290403,-0.22188831170241421,0.08714606609037447,1
217,-0.10540079131692999,-0.36038222062291947,-0.4694308446027908,-0.33174466044051254,-0.08554928240991534,-0.23638073067825885,1
218,-0.09481130680478529,-0.4670425903322385,-0.14478570184298803,0.3364530936194108,-0.33662712387287996,-0.29030186347303105,1
219,9.567585007125452e-06,-0.11011872437778554,-0.2494769132194442,-0.310379430775473,-0.18979927835814944,0.4645939956537801,2
220,0.12113112246247917,0.1918646314244427,-0.027807991331886665,0.2428287132079022,-0.1313367126922466,0.5724362612433246,2
221,0.7412734834351362,3.492463141328095,2.3649877151402703,0.42372415091566773,0.41126671098669887,0.24890946447469112,2
222,-0.08262993899996525,-0.37868309400466055,-0.4711202382338045,-0.32286591222684946,-0.06753613523448083,0.4645939956537801,2
223,0.23602356880339556,-0.4670425903322385,0.540186624913483,-0.16275099398967108,-0.33662712387287996,0.3028305972694634,2
224,-0.04567056168306805,0.22823903814591562,0.04719084713584354,-0.32977213769263014,-0.10083556076112295,-0.18245959788348665,1
225,-0.07467052253658851,-0.3442789676472674,-0.45089870840803425,-0.3600568278742314,-0.18052860931255763,0.4106728628590078,2
226,-0.06484237351224506,-0.2924833280761701,-0.40408202733039655,-0.17387207825752315,-0.07443157280875116,0.24890946447469112,2
227,-0.02144625070757364,-0.19158223943108427,-0.3298510950585817,-0.2939838986330274,-0.16607673447718005,0.5185151284485523,2
228,-0.10768479778033375,-0.3956578171413479,-0.4953092834051373,-0.16877420312907115,0.20040344505981114,-0.29030186347303105,1
229,0.3225389651444471,0.3210695552996747,0.1956527116794733,0.301764504653052,-0.05652643663380642,1.0038053236015023,3
230,0.0339236029506993,-0.4670425903322385,-0.20852191610396012,-0.26837500898487243,-0.33662712387287996,0.5724362612433246,2
231,-0.011756526317375875,-0.1688482352301637,-0.2848005982315492,-0.37747632434915057,-0.1309831214965656,0.4645939956537801,2
232,-0.08235308973167388,-0.22340984531237307,-0.36363896767885606,-0.3948412430663045,-0.0651442166900782,-0.0746173322939422,1
233,0.8450919590443979,-0.4670425903322385,0.14829849626469485,0.07458421047451666,-0.33662712387287996,2.89104497141853,3
234,0.0456896968530823,-0.12413802696835323,-0.23744638281677075,-0.22017389848361485,-0.14470329702404675,0.7341996596276412,2
235,0.4471211358755612,-0.4670425903322385,1.0493084328053444,0.4895349578141396,-0.33662712387287996,0.35675173006423555,2
236,-0.03805720680505552,-0.05176811359542274,-0.24486947604395223,-0.16909465721388664,0.8562806052343687,0.14106719888514668,1
237,-0.11834349460955129,-0.24424934916321694,-0.3879559972161747,-0.36699778700913155,-0.2362894129321407,-0.45206526185734763,-1
238,0.1412026944136031,0.14980672365273967,-0.09026436193299987,-0.42367544348811415,-0.22856641839476385,0.7881207924224134,3
239,0.927454616361079,0.5764482024900157,0.4664676301056117,0.2762526691453284,-0.30601249589505863,1.9743857139074024,3
240,0.08929345660897224,0.22331333723571617,-0.04086239666244721,-0.46733061774426615,-0.30989799163845405,0.4645939956537801,2
241,-0.48862939094925156,0.6317676127122558,0.2268808969800299,-0.3362190229440945,-0.29023497050780406,-1.3687245193684754,-2
242,0.7620371785569885,1.4028292551934785,0.7958993881532868,-0.4713807127025258,-0.23770383085552885,0.9498841908067301,3
243,-0.3142143519256918,0.6222951109618722,0.28140223689001803,-0.4616938155132229,-0.32084297663122807,-0.8834343242155254,-1
244,0.5682426907530332,1.4331412607947058,1.0864238989412518,-0.06545969756682263,0.08330828026084028,0.5185151284485523,2
245,-0.022830497049030462,-0.06048281520577563,-0.24870900702352888,-0.4097619888778547,-0.26717924924906195,0.24890946447469112,2
246,-0.06158939460982152,0.8894196603226889,0.4219290707425228,-0.4564929827272194,-0.32074203612801977,-0.23638073067825885,1
247,-0.04200230887820747,-0.35435770950967554,-0.45814262352283547,-0.011592758272366022,0.26390871404259436,1.2194898547805912,3
248,0.6443762395331585,0.9576216729254506,0.53685903139785,-0.34300580732174224,-0.23790100194080704,1.1116475891910467,3
249,-0.4131879653398547,0.46770388239561234,0.11630240476822291,-0.4276712949248548,-0.32642883305128023,-1.3148033865737032,-2
250,-0.044286315341611225,-0.11466552521796966,-0.2932475663866178,-0.3387929143141907,0.02513560634025916,0.14106719888514668,1
251,0.11836262977956553,0.9178371655738397,0.49001675344701506,-0.4141772723801843,-0.3341428995801871,0.14106719888514668,1
252,-0.03321234460995664,0.22103993681562412,-0.04060642793047543,0.5492957585486843,0.703895439459378,-0.0746173322939422,1
253,0.07337462368221877,-0.4670425903322385,0.0075156936802183456,-0.37634521037397073,-0.33662712387287996,0.3028305972694634,2
254,-0.11626712509736606,0.4767974840759806,0.14701865260483596,-0.3324872488875236,0.02222536276476791,-0.3981441290625755,-1
255,-0.09931010741451997,-0.3848212751389091,-0.4869647027428574,-0.48106738839089463,-0.3331170669220669,-0.020696199499169968,1
256,0.1910355627060488,1.6169077947521473,0.969958125894094,-0.48271094915536994,-0.2500716718307747,0.03322493329560225,1
257,-0.30175613485258035,0.4123844721733723,0.10657559295329545,0.061144465232651185,-0.3067407525170599,-0.9912765898050698,-2
258,-0.08096884339021705,-0.23856584811298678,-0.3795090290611061,-0.43964884717230557,-0.18307919287776245,-0.020696199499169968,1
259,0.13289721636486218,0.29833555109875404,0.04591100347598466,-0.2671483509472285,-0.26565619899398546,0.4645939956537801,2
260,0.07337462368221877,0.2149775356953786,-0.009122273897947057,-0.15415826167676774,0.4993537048605126,0.3028305972694634,2
261,-0.12595684948756383,0.412005572103357,0.13550005966610607,-0.452579326646671,-0.3017690857179748,-0.45206526185734763,-1
262,-0.07820035070730341,-0.24424934916321694,-0.3800209665250497,-0.32970734907806054,-0.21968238325909975,0.03322493329560225,1
263,-0.0943268205852754,-0.3149899922350814,-0.4339279814783055,-0.42273503557852404,-0.19276217686955816,-0.0746173322939422,1
264,-0.16609999338981168,0.28317954829814035,-0.0014432119387937936,-0.4530737879212843,-0.31214813771237054,-0.5599075274468921,-1
265,-0.10242466168279782,-0.20105474118146785,-0.35109649981223906,-0.411626404007253,-0.0457467534031555,-0.23638073067825885,1
266,0.0339236029506993,-0.1783207369805473,-0.3188444395837953,-0.38585903307555885,-0.18670267876475533,1.0038053236015023,3
267,-0.336362293389001,1.2205783215160986,0.8291753233096175,0.6892628056802821,0.1983630271724352,-0.775592058625981,-1
268,-0.07473973485366135,0.2714336461276647,-0.02396846035231003,-0.15963615171828344,-0.16077525033417153,-0.23638073067825885,1
269,-0.38896365436436026,0.04333580397842832,-0.17678179333945995,-0.45090546388968694,-0.33516076754570756,-1.9618569801109698,-3
270,0.13566570904777583,0.19224353149445805,0.01749847422711759,-0.14731958955527252,-0.2894198236234556,0.5724362612433246,2
271,0.07060613099930513,2.5387716650994765,1.791873724255465,-0.29262908362023915,-0.27572181717504995,-0.18245959788348665,1
272,0.09413831880407111,0.13881862162229472,-0.09077629939694343,-0.16261585732604666,0.1252153280246363,0.5724362612433246,2
273,-0.08346048680483933,-0.3798955742287097,-0.47900407517853516,-0.40297696759144375,-0.23393171068151852,0.4645939956537801,2
274,-0.08789007509750117,0.9807345771963866,0.45622888082674073,-0.4431981933335666,-0.2315053447379788,-0.29030186347303105,1
275,0.14743180295015884,1.054241190779363,0.5913803713078382,-0.4078192977219662,-0.29817006828021553,0.08714606609037447,1
276,1.731009617576765,-0.4670425903322385,1.4332615307630074,-0.25465523879374174,-0.33662712387287996,1.7587011827283134,3
277,-0.13703082021921842,0.08349921140005466,-0.15400057619397195,-0.46179657701748034,-0.28933025861434364,-0.5059863946521198,-1
278,-0.6256697787534771,-0.4670425903322385,0.17133568214215464,-0.3393648140884816,-0.33662712387287996,-1.8000935817266532,-3
279,-0.05189967021962376,0.00014119599667922824,-0.21108160342367788,0.8369529646116659,-0.1923989852287188,-0.020696199499169968,1
280,-0.07141754363416497,-0.4670425903322385,-0.4784153470950001,-0.4860846642861045,-0.33662712387287996,0.7341996596276412,3
281,-0.01660138851247476,0.2926520500485239,-0.010402117557805934,-0.4718755277855152,-0.2882652676937375,-0.020696199499169968,1
282,-0.08581370558531594,-0.4670425903322385,-0.3782291854012472,0.5753900517279464,-0.33662712387287996,-0.0746173322939422,1
283,-0.08096884339021705,-0.30536593045669175,-0.42455952588813856,-0.44444145519237943,-0.3214416273943448,0.08714606609037447,1
284,-0.052591793390352165,0.46505158190550494,0.1851579936686305,-0.2084665364334281,-0.013051842919210962,-0.18245959788348665,1
285,0.6775981517281223,0.28507404864821706,0.17824683790539256,0.39623588745000327,0.7950113121224179,2.136149112291719,3
286,0.19518830173041926,0.5813739034002152,0.19411689928764264,-0.4118156849890579,-0.2897619771391566,0.4645939956537801,2
287,-0.015217142171017934,-0.14649313109925846,-0.320380251975626,-0.4180402995757272,-0.11452114623881877,0.5185151284485523,2
288,-0.11626712509736606,-0.20370704167157525,-0.3669665611944891,-0.4627332434589524,-0.299754360324153,-0.3981441290625755,-1
289,-0.05743665558545105,-0.24614384951329366,-0.3907716532678642,-0.13157734233730706,-0.3079783612747784,0.3028305972694634,2
290,-0.124572603146107,-0.19499234006122237,-0.3390659694095656,-0.23964620535789,-0.2843335463564015,-0.5059863946521198,-1
291,0.00554655295083442,0.2934098501885546,0.0226178488665531,-0.1388120984407271,0.26214802156384065,0.03322493329560225,1
292,-0.2373886799748381,0.7909056421186997,0.3843016671426718,0.24847881257816226,0.4735284632889989,-0.6677497930364366,-1
293,0.1384342017306895,-0.4670425903322385,-0.13787454607975008,-0.10024747819615591,-0.33662712387287996,0.9498841908067301,3
294,-0.04151782265869758,-0.09534162164718718,-0.2712342554370451,-0.4192877339993473,-0.2785827601588757,0.1949883316799189,1
295,-0.21662498485298576,0.2085362345051178,-0.0014432119387937936,0.3134747731392221,0.3912773243939937,-0.775592058625981,-1
296,-0.35781811168158173,0.10358091511086784,-0.10946201683088301,0.06881768612063892,0.7308799615802299,-1.5844090505475643,-3
297,0.07683523953586083,-0.4670425903322385,2.0821422663114584,-0.3216168517052258,-0.33662712387287996,-0.23638073067825885,1
298,-0.12111198729246495,-0.1987813407613758,-0.3444413127809729,3.0977600599575346,7.842046424609775,-0.45206526185734763,-1
299,0.061608529779835774,0.017949499287400344,-0.19341976091762536,0.06737588577547302,0.26925047334424745,0.6263573940380968,2
300,-0.027744571561202185,-0.3162403624661321,-0.4336208189999394,-0.47914943094295537,-0.27432280887593935,1.0577264563962745,3
301,-0.15571814582888552,0.033105502088014056,-0.18318101163875433,-0.44648145516379023,-0.31298246762272736,-0.6138286602416643,-1
302,-0.08262993899996525,-0.4088814295848834,-0.49920000813110826,-0.195283926564175,-0.20618555455129942,0.8420419252171857,3
303,-0.09135069095114323,-0.407934179409845,-0.5005822392837559,-0.3156966882298541,0.024524107144437368,0.4645939956537801,2
304,1.1690056029452947,6.056858815191935,4.4595798488653084,2.873509330851499,2.5052204885278484,0.14106719888514668,1
305,-0.1377229433899468,-0.2279566461525572,-0.3725978732978682,-0.14282556004625807,0.6760054622295352,-0.6677497930364366,-1
306,-0.13357020436557634,-0.24614384951329366,-0.38360452877265455,3.9430137731683246,9.807954350026716,-0.6677497930364366,-1
307,-0.12000459021929948,-0.283541286423808,-0.4165733014506192,1.8413699193357531,5.096685063436484,-0.5059863946521198,-1
308,0.22841021392538302,-0.4670425903322385,-0.14529763930693157,0.1253037985051702,-0.33662712387287996,1.4890955187544523,3
309,-0.1252647263168354,0.04977710516868915,-0.17063854377213733,-0.5016013615481857,-0.3248329325988459,-0.45206526185734763,-1
310,-0.1550260226581571,-0.16998493544020973,-0.3254996266150615,-0.3916965853463301,-0.05782131670593648,-0.775592058625981,-1
311,-0.5626865702171916,0.9462546708249904,0.449061756331531,-0.4362376882259771,-0.2030678087423946,-1.260882253778931,-2
312,-0.09481130680478529,-0.03926441128491643,-0.24205381999226272,0.14415494217685054,-0.244751302400231,-0.23638073067825885,1
313,0.007622922463019655,-0.4670425903322385,-0.13813051481172187,0.9669349358607662,-0.33662712387287996,0.24890946447469112,2
314,0.6859036297768633,1.2039067184354235,0.67815377144627,-0.21125264935304294,-0.16109291014940125,1.0038053236015023,3
315,-1.9303219555765332,-0.4670425903322385,6.873876928823093,-0.39903842999425276,-0.33662712387287996,-0.8834343242155254,-1
316,1.9940164224535615,1.8499313378115831,1.5778838643270607,-0.20034924544143795,-0.24237353657148808,1.9743857139074024,3
317,-0.08872062290237527,-0.3550776196427047,-0.4690980852512275,-0.2917578620609774,0.4010832483702088,0.1949883316799189,1
318,-0.10540079131692999,-0.4323353439188331,-0.5240801688787649,5.541119324176661,8.013281791174572,0.03322493329560225,1
319,-0.026429537536818204,-0.31491421222107835,-0.4390985498641354,-0.49745009635936954,-0.3227964516432305,1.2194898547805912,3
320,-0.09446524521942108,-0.40975289974591866,-0.5050360952200648,-0.28399607943768224,-0.11389721013008791,0.35675173006423555,2
321,-0.002758925097906522,-0.4670425903322385,0.32619676498507877,-0.3989889886693383,-0.33662712387287996,-0.12853846508871442,1
322,-0.1314938348533911,0.2077784343650871,-0.05903617663244327,-0.43768903575410983,-0.2163759334440795,-0.45206526185734763,-1
323,-0.07529343339024408,-0.3132091619060093,-0.4250458664788849,-0.44663211258085955,-0.29934845489582,0.1949883316799189,2
324,-0.09141990326821607,-0.4319943338558193,-0.5186024380145688,0.10903656741816675,-0.08500824690567937,0.9498841908067301,3
325,-0.23254381777973923,-0.23970254832303284,-0.3587755617713923,1.6035035010990288,1.2357082740112186,-1.7461724489318808,-3
326,-0.12388047997537859,0.5408315959085735,0.2110108355977798,-0.15923177513119524,-0.15677837628121988,-0.3981441290625755,-1
327,0.8104858005079774,2.228831407826926,1.3615902858109104,-0.4881990283021223,-0.27703119748770827,0.6263573940380968,2
328,-0.09612634082916928,-0.3499624686974976,-0.459652839041469,-0.1963022504921571,0.01002520312274893,-0.020696199499169968,1
329,-0.028367482414857755,0.1653416265233687,-0.058012301704556166,-0.34383096640856764,-0.18412875981480523,-0.020696199499169968,1
330,-0.161601192780077,-0.3112388815419295,-0.43272492843803817,-0.42834387089396286,-0.2908281669659109,-1.3148033865737032,-2
331,-0.06920274948783404,-0.10822422402770883,-0.295295316242392,-0.22298460379020485,0.5993755397786722,-0.020696199499169968,1
332,-0.06920274948783404,-0.09988842248737129,-0.26278728728197653,0.6575606924338709,1.5040425859104523,-0.0746173322939422,1
333,-0.07335548851220453,-0.3022210598755644,-0.4199520887126466,-0.36322985368982363,-0.1383310141004074,0.24890946447469112,2
334,0.10105955051135523,0.44610657840473783,0.11374271744850516,-0.4524196308714164,-0.29679728399436633,0.24890946447469112,2
335,-0.8852159677766315,2.327345426030915,1.597081519224944,-0.10941559392008443,-0.32731134307674464,-1.0991188553946143,-2
336,-0.2263147092431835,-0.2040859417415906,-0.3649188113387149,-0.4662340029851842,-0.21908827289463387,-1.6383301833423365,-3
337,0.0512266822189096,0.0058246970469093716,-0.15886398210143568,-0.29249518588916823,-0.09710535711388953,0.5185151284485523,2
338,-0.2982955189989383,1.976862861266723,1.3116763830764142,-0.11366638365375638,0.42761312075205765,-0.6138286602416643,-1
339,-0.08235308973167388,-0.12603252731842995,-0.3037422843974606,-0.09767693055067074,0.5414274179532621,-0.12853846508871442,1
340,-0.05003093765865704,-0.4670425903322385,-0.42422676653657526,-0.28041315857783905,-0.33662712387287996,0.6263573940380968,2
341,-0.03459659095141346,-0.15482893263959602,-0.31039747142872676,-0.4281976763622753,-0.2551947567339132,0.3028305972694634,2
342,-0.10110962765841384,-0.4670425903322385,-0.4556085330763149,0.4500123184598468,-0.33662712387287996,-0.18245959788348665,1
343,-0.011756526317375875,-0.005921205123566258,-0.2013547916087504,-0.39995152285808516,-0.2008730284566613,0.24890946447469112,2
344,0.056763667584736895,1.4047237555435552,0.9080136927569243,-0.44594876137396083,-0.2470938653655716,-0.18245959788348665,1
345,0.20141741026697496,0.4991525882068858,0.2212495848766508,-0.4416754337237091,-0.2573859833790596,0.4645939956537801,2
346,-0.06851062631710564,-0.4670425903322385,-0.2973430660981662,-0.3794134174633699,-0.33662712387287996,-0.020696199499169968,1
347,-0.24569415802357905,-0.013499206523873115,-0.2128733845474803,-0.43292835199107277,-0.3005981243983842,-1.260882253778931,-2
348,-0.07287100229269464,-0.39228560651821137,-0.4857872465757872,-0.18698798751088205,0.021933394689324034,0.8959630580119579,3
349,0.06368489929202101,-0.10216182290746334,-0.24230978872423448,-0.09323734304768945,-0.1577607832176999,0.8959630580119579,3
350,0.15712152734035661,0.8765370579421673,0.5373709688617935,-0.13022488967942236,0.18054055405190983,0.14106719888514668,1
351,1.0942563005066261,-0.4670425903322385,0.6133936822574109,1.4559806391603387,-0.33662712387287996,2.2439913778812635,3
352,-0.04913117753671011,-0.10898202416773951,-0.27404991148873464,-0.35080057720729485,-0.06842172331043175,0.08714606609037447,1
353,-0.06712637997564881,-0.19234003957111498,-0.3436734065850576,0.00551923731831817,0.5251752262086481,0.08714606609037447,1
354,-0.06823377704881427,-0.3681117820512325,-0.46776704784497425,-0.32148044197749515,-0.09424958565890094,0.7341996596276412,2
355,-0.06788771546345007,-0.3203703732292993,-0.42635130701194096,-0.4190562401016636,-0.2507197593537979,0.3028305972694634,2
356,-0.06373497643907959,-0.346021907969338,-0.44526739630465517,-0.3599197426375376,-0.2042556631776275,0.5724362612433246,2
357,-0.12180411046319335,0.14942782358272433,-0.08540095602553614,-0.28829647343259546,-0.24955940901881907,-0.45206526185734763,-1
358,-0.0736323377804959,-0.3112767715489311,-0.4324945565792636,-0.37384207303938155,-0.26028794232500185,0.3028305972694634,2
359,-0.09107384168285187,-0.3901258761191239,-0.4896779713017582,-0.3974913331278579,0.05444113546250038,0.3028305972694634,2
360,-0.23877292631629493,-0.22644104587249583,-0.3661986549985738,-0.3876438270761576,-0.318951634060694,-1.8540147145214254,-3
361,-0.04705480802452487,-0.11845452591812308,-0.27404991148873464,-0.017610675826294872,0.08690753664314636,0.08714606609037447,1
362,-0.00968015680519064,-0.2631943526639841,-0.38232468511279566,-0.43219889104518044,-0.16685729508058458,0.8959630580119579,3
363,0.5343286553873411,-0.4670425903322385,0.5053748773653216,-0.1819425662741652,-0.33662712387287996,0.9498841908067301,3
364,-0.0822146650975282,-0.41778558123024395,-0.5106418104502466,-0.45473471304899254,-0.24675336987628213,1.2194898547805912,3
365,0.32946019685173117,0.855318654021308,0.5335314378822169,-0.3565467585719709,-0.2550930014071871,0.4645939956537801,2
366,0.058147913926193714,-0.13739952941889022,-0.25408435039493615,-0.31773100058081016,0.0004782009650200401,0.8420419252171857,3
367,-0.010372279975919052,-0.4670425903322385,-0.22925538339367393,-0.35386472696187693,-0.33662712387287996,0.24890946447469112,2
368,-0.08899747217066664,-0.4670425903322385,-0.4932615335493631,-0.20486797049488897,-0.33662712387287996,0.4645939956537801,2
369,-0.0602051482683647,-0.4670425903322385,-0.24589335097183934,-0.3888409553661596,-0.33662712387287996,-0.020696199499169968,1
370,-0.06089727143909311,-0.25940535196383063,-0.37515756061758593,0.3667314639412183,0.04119479722264031,0.24890946447469112,2
371,0.020081139536131068,-0.4670425903322385,-0.2673947244574685,1.896014039876821,-0.33662712387287996,0.6263573940380968,2
372,-0.08595213021946162,-0.4670425903322385,-0.446828805569683,-0.21017052913187376,-0.33662712387287996,0.14106719888514668,1
373,-0.1101072288778832,-0.4670425903322385,-0.5207781722363289,0.1396182860868787,-0.33662712387287996,-0.3981441290625755,-1
374,-0.09757979948769895,-0.420058981650336,-0.5128175446720067,0.2725215435026386,0.6006999661731635,0.4106728628590078,2
375,-0.23946504948702335,-0.17718403677050126,-0.3336906260381583,3.3593714658382945,0.7060110801051706,-1.6383301833423365,-3
376,-0.07889247387803182,0.20702063422505643,-0.058012301704556166,0.011543454739590762,0.5418294282085975,-0.23638073067825885,1
377,-1.442375120213003,1.1300212047824316,0.824055948670182,-0.17841449119234287,-0.20072077404669408,-2.501068308058692,-3
378,-0.08041514485363432,-0.34640080803935336,-0.45501980499277983,-0.41652734620226234,-0.22163571810788926,0.3028305972694634,2
379,-0.11903561778027971,-0.4670425903322385,-0.21876066538283115,-0.3952367669716327,-0.33662712387287996,-0.3981441290625755,-1
380,-0.06435788729273517,-0.2279566461525572,-0.3656867175346302,-0.4834521420149518,-0.26216335170380656,0.14106719888514668,1
381,-0.15564893351181266,-0.3037745501626273,-0.4301908379915176,-0.4430830608811049,-0.33173306238069994,-1.1530399881893865,-2
382,-0.44225713851044796,-0.4670425903322385,-0.06825105098342718,-0.4521380042299592,-0.33662712387287996,-1.8000935817266532,-3
383,-0.04497843851233964,0.4139000724534337,0.09275328142681956,-0.07903363137795003,0.23243150359994205,-0.18245959788348665,1
384,-0.6568153214362557,0.0732689095096404,-0.1168851100580645,-0.37135646903283276,-0.33638003862855104,-3.0942007688011866,-3
385,-0.11792822070711424,-0.4052439889127361,-0.5026811828859244,-0.38040420261852015,-0.30853513380254716,-0.7216709258312087,-1
386,2.758812526108456,15.678268293091536,12.1184202781928,0.08375971639960285,-0.0296739532343608,0.14106719888514668,1
387,-0.17994245680437992,-0.4670425903322385,-0.33778612574970673,0.44362922914351904,-0.33662712387287996,-1.0991188553946143,-2
388,-0.08076120643899853,-0.30184215980554907,-0.4161637514794644,0.09204328732628518,-0.21649553461187362,0.08714606609037447,1
389,-0.06712637997564881,-0.02145610799419532,-0.2256718211460691,-0.3753906146706629,0.05476365225906129,-0.0746173322939422,1
390,-0.1550260226581571,-0.36227672097299624,-0.47554849729691623,-0.47002200621402906,-0.0931727291440585,-1.5844090505475643,-3
391,-0.1946846803408951,-0.40236434838061946,-0.4976641957392776,-0.41763871660758134,-0.3361304999438262,-3.9030177607227703,-3
392,-0.5370780129002404,0.21232523520527122,-0.05596455184878196,-0.33258524217105506,-0.29626516730262725,-2.177541511290059,-3
393,-0.12208095973148472,-0.4670425903322385,-0.4409415247343322,0.5765581170358304,-0.33662712387287996,-0.6138286602416643,-1
394,-0.010372279975919052,-0.1264114273884453,-0.25101272561127486,3.621711006282452,3.0154698139078846,0.4106728628590078,2
395,-0.03736508363432711,0.38434586699223694,0.13677990332596496,-0.33531624446425384,-0.1601613814416105,-0.18245959788348665,1
396,-0.1134986324144524,-0.27266685441436767,-0.40740962084602966,-0.360659029349142,-0.15364642194011371,-0.45206526185734763,-1
397,-0.1377229433899468,0.412005572103357,0.08558615693160986,-0.4303533296484313,-0.2761465053030543,-0.45206526185734763,-1
398,-0.00621954095154858,-0.021077207924179976,-0.19572347950537133,-0.2943282676693876,0.004011366567077845,0.24890946447469112,2
399,-0.09273493729260006,-0.4670425903322385,0.04975053445556129,4.858033822235014,-0.33662712387287996,-0.29030186347303105,1
400,-0.08512158241458753,-0.2916118579151348,-0.41662449519701356,-0.20313515033760643,0.03015024991659304,0.03322493329560225,1
401,-0.12125041192661062,-0.4670425903322385,-0.5284828310686793,-0.5086017264054159,-0.33662712387287996,-1.4765667849580197,-3
402,-0.07771586448779352,-0.34882576848745156,-0.4584241891280044,0.4186506622251023,0.16471287077462904,0.35675173006423555,2
403,-0.3688920824132363,0.48361768533625676,0.13114859122258588,-0.257040730103009,-0.08458402064919263,-1.1530399881893865,-2
404,-0.054668162902537405,-0.027518509114440804,-0.21773679045494404,-0.2932154197570209,-0.07177892208288013,-0.020696199499169968,1
405,-0.7640944128991595,-0.4670425903322385,0.9098054738807267,-0.5148744948802795,-0.33662712387287996,-1.260882253778931,-2
406,-0.0865750410731172,-0.42191559199341117,-0.51315030402357,-0.17133008211902245,-0.05217037800991509,1.0038053236015023,3
407,-0.21800923119444257,0.1607948256831846,-0.09435986164454828,-0.03716037371963839,-0.09073773896066828,-0.8834343242155254,-1
408,-0.04567056168306805,0.26499234493740387,-0.002979024330624446,-0.4970309240243888,-0.29787092440606056,-0.12853846508871442,1
409,-0.11765137143882289,-0.4670425903322385,-0.3170526584599929,-0.06888562932635267,-0.33662712387287996,-0.45206526185734763,-1
410,-0.20555101412133117,0.0054457969768940285,-0.16014382576129454,-0.07066999623497927,-0.3316134718033502,-0.775592058625981,-1
411,0.06576126880420624,0.0952451135705303,-0.09487179910849183,-0.34324615443826173,-0.24314662883870955,0.4645939956537801,2
412,-0.10318599717059908,-0.4670425903322385,-0.5023740204075583,0.20183470711900348,-0.33662712387287996,-0.0746173322939422,1
413,-0.10685424997545966,-0.4670425903322385,-0.055708583116810186,-0.5239127125696081,-0.33662712387287996,-0.3442229962678033,1
414,0.015928400511760595,0.38624036734231365,0.263228456920022,0.5290425472786328,0.10582984324643921,-0.0746173322939422,1
415,-0.08581370558531594,-0.4670425903322385,-0.4030581524025095,0.5260174461608866,-0.33662712387287996,-0.020696199499169968,1
416,-0.26922634582834504,-0.4670425903322385,-0.3838604975046263,-0.49673290762147343,-0.33662712387287996,-2.339304909674375,-3
417,0.02838661758487201,-0.19309783971114566,-0.32703543900689214,-0.4639937528748076,-0.2951505957654371,1.0038053236015023,3
418,-0.5876030043634144,-0.4670425903322385,0.1854139624006023,1.224319394395796,-0.33662712387287996,-1.8000935817266532,-3
419,-0.11488287875590923,0.41617347287352574,0.15981708920342474,-0.36010409801596427,-0.23767884305994577,-0.45206526185734763,-1
420,-0.2249304629017267,-0.002132204423412829,-0.1826690741748108,-0.4094128943922354,-0.10402911907675172,-0.9912765898050698,-2
421,-0.1252647263168354,-0.4670425903322385,-0.4004984650827917,2.8409532779523645,-0.33662712387287996,-0.6138286602416643,-1
422,-0.16402362387762645,-0.2014336412514832,-0.3608233116271665,-0.45566777452520635,-0.23761655880954455,-0.9373554570102977,-2
423,-0.05328391656108058,-0.1521766321494886,-0.3160287835321058,-0.3340651457051546,0.01767334063008184,0.14106719888514668,1
424,3.232916898057418,5.540418019761023,3.7382599621688453,-0.3629959897936367,-0.31135359922986033,1.2194898547805912,3
425,-0.07833877534144909,-0.28782285721498135,-0.41411600162369017,-0.2252313854810821,-0.1377754275516607,0.14106719888514668,1
426,-0.06158939460982152,-0.15861793333974944,-0.32217203309942843,-0.5116555036589621,-0.33319842603272737,0.08714606609037447,1
427,-0.11266808460957832,-0.3842529250338861,-0.4881165620367304,0.02040106553951397,1.0477170115141732,-0.5059863946521198,-1
428,-0.08179939119509115,-0.4670425903322385,-0.413808839145324,0.13395849690501507,-0.33662712387287996,0.08714606609037447,1
429,-0.001374678756449698,0.10395981518088318,-0.10741426697510881,-0.36231964832421687,0.010299491186147787,0.14106719888514668,1
430,-0.002482075829615157,-0.3185137628862241,-0.4320338128617144,-0.4861517847862587,-0.2621073541824224,1.5969377843439967,3
431,0.07593547941391389,-0.4670425903322385,-0.3743896544216706,0.8337298168521928,-0.33662712387287996,2.136149112291719,3
432,-0.09038171851212345,-0.4032358185416548,-0.4993791862434885,-0.4239382644223909,-0.2084704654361785,0.4645939956537801,2
433,0.08168010173095971,0.02173849998755377,-0.18164519924692368,-0.46011109766241776,-0.2566314172287848,0.7341996596276412,2
434,-0.04857747900012738,-0.2832381663677957,-0.39921862142293285,-0.3662448355766657,-0.08421627255443792,0.5185151284485523,2
435,0.20626227246207385,2.053021775339807,1.5799316141828348,-0.3224739669545007,-0.286414873962254,-0.020696199499169968,1
436,-0.09342706046332847,-0.12603252731842995,-0.2906878790669,-0.4015680493934717,-0.26636276668730974,-0.23638073067825885,1
437,-1.5981028336268956,-0.4670425903322385,2.3918644319973064,-0.4223996321226938,-0.33662712387287996,-1.3687245193684754,-2
438,-0.09204281412187165,-0.39770387751943076,-0.49244243360705336,0.06185037784735569,-0.151551372284112,0.3028305972694634,2
439,-0.040825699487969165,-0.2544796510536312,-0.3621031552870254,-0.44326226619741077,-0.2991937564675605,0.4645939956537801,2
440,0.31561773343716293,0.38548256720228297,0.1457388089449771,0.36905377054646427,-0.29143000907088756,0.9498841908067301,3
441,0.038076341975069775,-0.4670425903322385,-0.2671387557254967,-0.22892951886437501,-0.33662712387287996,0.7881207924224134,3
442,0.2512502785594206,0.010371497887093486,-0.08309723743779016,2.622620064962494,3.1797440707610694,1.4351743859596802,3
443,-0.06657268143906608,-0.2939231483422284,-0.4086894645058885,0.1993674551229544,0.8996892556811695,0.3028305972694634,2
444,-0.07681610436584659,-0.4670425903322385,-0.4089454332378603,-0.08140921379541233,-0.33662712387287996,0.14106719888514668,1
445,-1.8126610165527033,1.311893238389796,0.7267878305209073,-0.3693624930589973,-0.33524693645180453,-3.1481219015959585,-3
446,-0.08027672021948865,0.044093604118459,-0.12814773426482262,0.1839131998358425,0.46726119393088106,-0.18245959788348665,1
447,-0.5073167165589186,-0.4670425903322385,-0.07055476957117317,-0.18834101363723033,-0.33662712387287996,-2.069699245700514,-3
448,0.17096399075492485,0.46315708155542823,0.22048167868073548,-0.16864824713313675,-0.09516381696742894,0.4645939956537801,2
449,-0.08235308973167388,-0.20976944279182075,-0.35032859361632374,-0.2686966940044831,0.03683149756139271,-0.12853846508871442,1
450,-0.02213837387830205,-0.1874143386609155,-0.32268397056337195,-0.17235858793674536,-0.22895206735567153,0.5185151284485523,2
451,0.04361332734089707,-0.04949471317533068,-0.1857406989584721,-0.23963143713707521,-0.10850096740140788,0.5724362612433246,2
452,-0.028367482414857755,-0.4670425903322385,-0.3380420944816785,-0.2435498656804696,-0.33662712387287996,0.4645939956537801,2
453,-0.101040415341341,-0.4670425903322385,-0.3523763434720979,-0.0929699380162625,-0.33662712387287996,-0.3442229962678033,1
454,-0.3204434604622475,-0.023729508414287375,-0.194955573309456,0.13251081775988882,0.32123363212054085,-1.6383301833423365,-3
455,-0.077508227536575,-0.27872925553461314,-0.4143207766092676,0.33211866593631423,0.27176077500458157,0.14106719888514668,1
456,0.041536957828711835,0.009234797677047457,-0.20033091668086328,-0.3727087478416342,-0.3026399779128387,0.5185151284485523,2
457,-0.00621954095154858,-0.4670425903322385,0.9384739718615657,0.5110856006672023,-0.33662712387287996,-0.23638073067825885,1
458,-0.10290914790230771,-0.4149817207121304,-0.5090548043120217,-0.33404412542452105,-0.09759020258432095,0.03322493329560225,1
459,0.6049252188016391,1.6604813028039116,1.0608270257440742,-0.03781911288181135,0.41597540348285883,0.5724362612433246,2
460,-0.09834113497550019,-0.4391934351861108,-0.5266910499448769,1.0844000208432194,1.7391329604078198,0.7341996596276412,3
461,0.10036742734062683,-0.4670425903322385,0.01852234915500469,-0.34006848158257713,-0.33662712387287996,0.4645939956537801,2
462,-0.25261538973086317,0.11646351749138949,-0.11714107879003628,-0.07573661227470359,-0.15355956823552847,-1.0991188553946143,-2
463,0.15850577368181343,0.5105195903073461,0.22380927219636856,-0.39588149211522605,-0.09554717824158696,0.35675173006423555,2
464,0.7288152663620248,0.8363736505205409,0.4585325994144867,-0.41209962891775836,-0.12459933878243942,1.3812532531649078,3
465,-0.11003801656081036,-0.23818694804297144,-0.36722252992646087,-0.19215347484011575,0.4758936095290885,-0.3981441290625755,-1
466,-0.13426232753630477,-0.23894474818300213,-0.3848843724325134,-0.4011792106411722,-0.1865810273472218,-0.6677497930364366,-1
467,-0.013140772658832699,-0.4670425903322385,-0.3275473764708357,-0.37298731548646186,-0.33662712387287996,0.5724362612433246,2
468,0.29139342246166855,2.5641579697905046,1.6738721388164763,-0.28888724959012135,-0.27079881327965993,-0.020696199499169968,1
469,-2.172565065331477,1.0030896813272918,0.6499972109293747,-0.48736220377446043,-0.3354719306320756,-3.9569388935175422,-3
470,-0.25399963607232,0.16950952729353747,-0.058012301704556166,-0.28114631395880335,-0.3011610939567439,-0.9912765898050698,-2
471,-0.05882090192690787,-0.3490909985364623,-0.45194818020911853,-0.3540752791126331,-0.07015729808163822,0.7881207924224134,3
472,-0.032520221439228225,-0.20294924153154456,-0.34392937531702933,-0.1972351388859827,-0.21984715549900158,0.4106728628590078,2
473,-0.28445305558437006,-0.0051634049835355715,-0.18215713671086725,-0.012871633374693126,-0.29297729410702883,-1.3687245193684754,-2
474,-0.14948903729232982,-0.4670425903322385,-0.17601388714354463,-0.3091405563273324,-0.33662712387287996,-0.6138286602416643,-1
475,-0.03528871412214187,-0.4670425903322385,-0.19367572964959714,-0.3554141206638264,-0.33662712387287996,0.08714606609037447,1
476,-0.43533590680316386,-0.08473241968675757,-0.2471731946316982,-0.058976162227660764,0.3630304721769296,-2.716752839237781,-3
477,-1.0201799860686718,1.1243377037322015,0.5770461223174187,-0.426414826926137,-0.27090480629169295,-2.015778112905742,-3
478,0.3882906663636462,2.170101896974548,1.3961460646271,-0.33982531392327475,0.1152506642914934,0.14106719888514668,1
479,0.0512266822189096,0.39154496832252844,0.07944290736428725,-0.41698120037466146,-0.1194519033948042,0.1949883316799189,1
480,-0.06768007851223154,-0.37038518247132457,-0.4662312354531436,-0.2487772637272491,0.10437556839274034,0.7881207924224134,3
481,-0.03694980973189006,-0.2763421850935165,-0.4015223400106788,-0.2656374753836028,-0.07735469986717285,0.6802785268328689,2
482,-0.32251982997443274,-0.4670425903322385,-0.12686789060496376,0.35182717778881006,-0.33662712387287996,-1.5844090505475643,-3
483,-0.3031403811940372,-0.4670425903322385,-0.2609955061581741,0.6983176957963682,-0.33662712387287996,-1.8000935817266532,-3
484,-0.30660099704767924,0.09941301434069906,-0.1179089849859516,0.36683456711126977,0.17197484054003107,-1.3148033865737032,-2
485,-1.1932107787507746,1.537338780048925,0.8957271936222791,-0.4400288525075185,-0.33643751346039996,-1.8540147145214254,-3
486,-0.03390446778068505,-0.08738472017686497,-0.24973288195141596,0.42958325444039086,-0.004977474772452131,0.1949883316799189,1
487,-0.11958931631686244,-0.3431043774302199,-0.45706755484855405,-0.379375433411847,-0.16711944521326524,-0.6138286602416643,-1
488,5.9598821907273605,4.91902190493586,3.1610504715724916,-0.5225774371896803,-0.33662176646478337,2.9449661042133024,3
489,-0.0907969924145605,-0.3249171740694834,-0.44129988095909267,-0.35393517303503874,-0.06243560247546115,0.03322493329560225,1
490,0.003470183438649184,-0.1741528362103785,-0.29657515990225086,-0.4131399189868128,-0.2636519924366023,0.5724362612433246,2
491,-0.1069234622925325,-0.42066522176236054,-0.5139694039658798,-0.34044563574612235,-0.25988667080027567,-0.18245959788348665,1
492,-0.07999987095119729,-0.4670425903322385,-0.41329690168138045,-0.35661960690320726,-0.33662712387287996,0.08714606609037447,1
493,0.0027780602679207725,-0.4670425903322385,0.06306090851809361,-0.34901381081548505,-0.33662712387287996,0.03322493329560225,1
494,-2.4459537177692003,-0.4670425903322385,2.494251924786017,-0.40817031622306105,-0.33662712387287996,-2.069699245700514,-3
495,0.17096399075492485,-0.4670425903322385,-0.01731327332104387,0.1175229296187797,-0.33662712387287996,0.7881207924224134,3
496,-0.10297836021938055,-0.4670425903322385,-0.507672573159374,-0.36149794281345143,-0.33662712387287996,-0.020696199499169968,1
497,-0.16886848607272534,0.4082165714032035,0.12014193574779955,-0.35161267990494355,-0.330501819987618,-0.5059863946521198,-1
498,-0.039441453146512345,-0.2684989536441989,-0.4109931830936345,-0.5025248018378438,-0.30956048133539815,0.6802785268328689,2
499,-0.03874932997578393,-0.24159704867310955,-0.380788872720965,-0.4730906643419733,-0.2364945856446647,0.5185151284485523,2
500,-0.30729312021840766,0.3532760612509788,0.06126912739429118,-0.2608015842035825,-0.2613585815705748,-0.9912765898050698,-2
501,-0.2685342226576166,-0.06124061534580631,-0.21159354088762145,-0.12654571759960156,-0.04954619707453838,-1.4226456521632476,-2
502,0.6111543273381947,-0.4670425903322385,1.5392325857993225,-0.00862646192032709,-0.33662712387287996,0.35675173006423555,2
503,-0.19793765924331863,0.21459863562536327,-0.052125020869205334,-0.28286633300523734,-0.2930142340294475,-0.7216709258312087,-1
504,-0.731564623874924,-0.4670425903322385,-0.0961516427683507,-0.43428899482054417,-0.33662712387287996,-3.2559641671855033,-3
505,0.24294480051067968,3.6402341686340782,2.572834325501352,-0.05093259075824992,-0.3076055154451018,-0.18245959788348665,1
506,0.2567872639252479,0.386619267412329,0.14957833992455372,-0.3150015445987321,-0.13371585678630143,0.7341996596276412,3
507,0.4471211358755612,-0.4670425903322385,0.4976958154061683,-0.3622625149849277,-0.33662712387287996,0.8420419252171857,3
508,0.060224283438378955,-0.22719884601252652,-0.36645462373054555,-0.3503048245768652,-0.269964259500122,1.5969377843439967,3
509,-0.09875640887793724,-0.31586146239611673,-0.4387913873857693,-0.46555706779409667,-0.28644357681790256,-0.18245959788348665,1
510,-0.05016936229280273,-0.3853517352369306,-0.4751389473257614,0.896980974239911,-0.17491958774632776,1.4890955187544523,3
511,-0.5599180775342779,0.4487588788948452,0.1267971227790657,1.1837811052447857,0.06616525801953081,-1.7461724489318808,-3
512,-0.32321195314516116,0.32144845536969,0.18771768098834826,0.05407563007938248,1.039043647529176,-1.2069611209841586,-2
513,-0.07889247387803182,-0.24879615000340105,-0.38155677891688033,-0.021887980055409432,0.13632535586012706,-0.020696199499169968,1
514,-0.04913117753671011,-0.166953734880087,-0.29785500356210975,-0.4068539818311316,-0.14018037863667243,0.1949883316799189,2
515,-0.7087245592408865,1.8612983399120433,1.2080090466278453,-0.40409946305377986,-0.3163836853324575,-1.0991188553946143,-2
516,-0.040825699487969165,0.8704746568219217,0.6295197123716326,-0.14764971199590482,0.050243510754054574,-0.29030186347303105,1
517,-0.10145568924377804,-0.4670425903322385,-0.5180905005506253,-0.3291833535140125,-0.33662712387287996,0.1949883316799189,2
518,-0.09896404582915576,0.1979270325446882,-0.09359195544863295,0.09353350030172289,0.020447476642956073,-0.29030186347303105,1
519,-0.005527417780820169,-0.38247209470481397,-0.47060830076986093,-0.25601886505562066,-0.2872113263378206,2.459675909060352,3
520,0.14604755660870203,-0.4670425903322385,0.10862334280906966,-0.523370304208205,-0.33662712387287996,0.4645939956537801,2
521,-0.04186388424406179,-0.31396696204603997,-0.41764837012490064,-0.3092867796820849,-0.1962239450872536,0.7881207924224134,3
522,0.16404275904764073,2.062115377020175,1.4066407826379428,-0.48067309401540265,-0.29793424923358136,-0.12853846508871442,1
523,-0.14810479095087298,2.8729615268530093,1.9707958679037358,0.7082014854983262,3.650674610783984,-0.3981441290625755,-1
524,-0.09771822412184462,-0.4192254014963022,-0.5110001666750071,-0.33817377863090775,-0.16624390810977757,0.3028305972694634,2
525,0.06991400782857672,-0.4670425903322385,0.13933959064568271,-0.2797263351957138,-0.33662712387287996,0.1949883316799189,2
526,-0.05875168960983503,-0.37496987331851017,-0.46925166649041056,3.7977147427360287,3.3558546463194316,1.0038053236015023,3
527,-0.03736508363432711,0.17367742806370626,-0.06825105098342718,-0.42484974134984854,-0.2893696592133337,-0.020696199499169968,1
528,-0.1847873189994788,-0.05328371387548411,-0.257667912642541,-0.3888081498845823,-0.0799128744820378,-0.8834343242155254,-1
529,-0.12180411046319335,-0.18514093824082345,-0.34725696883266244,0.09477230687594337,0.006218571592362402,-0.5059863946521198,-1
530,-0.05536028607326581,-0.16392253431996426,-0.31679668972802116,-0.38511062935141566,-0.22882432511349857,0.08714606609037447,1
531,-0.218701354365171,0.06834320859944094,-0.1317312965124275,-0.1609533951303691,-0.02251823076472328,-0.9373554570102977,-2
532,1.4963798626998335,3.2435257953280145,2.7427975635306105,0.4266464723152833,2.0765731967441656,0.7341996596276412,3
533,-0.047746931195253285,-0.004784504913520229,-0.20084285414480685,-0.15388996085748555,-0.24886769960595911,0.03322493329560225,1
534,-0.1092766810730091,-0.4670425903322385,-0.5181416942970196,-0.416817667991045,-0.33662712387287996,-0.3442229962678033,1
535,-0.05833641570739798,-0.37720538373160073,-0.4765979690980005,-0.46458098357740274,-0.2757021144634964,1.2194898547805912,3
536,0.02492600173122995,0.30023005144883075,0.02031413027880712,-0.46986081889770415,-0.27326492263600644,0.08714606609037447,1
537,-0.13509287534117886,-0.3370419763099744,-0.45619726115985,-0.5154374726666884,-0.3359453404577014,-0.9373554570102977,-2
538,-0.04200230887820747,-0.4670425903322385,-0.38334856004068274,-0.063244920052188,-0.33662712387287996,0.6802785268328689,2
539,-0.13633869704849,0.0069613972569554,-0.21440919693931096,0.870108558666633,-0.22153629068145092,-0.5059863946521198,-1
540,-0.05833641570739798,-0.39050477618913926,-0.4767771472103807,-0.4127616978717078,-0.2012802483061323,1.2734109875753634,3
541,-0.10650818839009546,-0.4065701391577898,-0.5061367607675433,-0.5073353380611693,-0.32130440142803257,-0.18245959788348665,1
542,-0.0366729604635987,-0.3680360020372294,-0.463697145006623,-0.287296805001827,-0.2006311626808325,1.5430166515492245,3
543,-0.03459659095141346,-0.15331333235953462,-0.28326478583971854,2.9565551690962026,0.7101771581786648,0.24890946447469112,2
544,-0.07543185802438976,1.6491143007034514,1.146576550954619,1.1515148307461043,0.038697156231331103,-0.3442229962678033,-1
545,-0.14049143607286046,-0.22909334636260323,-0.3731098107618117,-0.1798273603179732,-0.2150918330122153,-0.7216709258312087,-1
546,-0.093634697414547,-0.41327667039706134,-0.5034746859550369,2.5549550853076557,1.7443759428227543,0.4645939956537801,2
547,-0.09121226631699755,-0.3647774614350975,-0.46612884796035486,3.3485096712433773,4.5587188658618505,0.14106719888514668,1
548,-0.11765137143882289,0.049019305028658464,-0.15092895141031062,-0.015131303287769522,-0.30908994110563925,-0.3981441290625755,-1
549,-0.09661082704867917,-0.31680871257115506,-0.438612209273389,-0.44698840357788555,-0.1521285838042966,-0.12853846508871442,1
550,-0.07930774778046887,-0.41380713049508283,-0.5085940605944724,-0.47817866169009493,-0.2162926519981578,1.2194898547805912,3
551,-0.07543185802438976,-0.1442197306791664,-0.32601156407900506,1.5129873625315238,0.5779915959262769,-0.020696199499169968,1
552,0.2630163724618036,0.7655193374276718,0.32901242103676825,-0.3786079328232003,-0.25071801042293107,0.5185151284485523,2
553,-0.09861798424379156,-0.4054713289547453,-0.49989112370743205,-0.06251556020885855,-0.29009041712228995,0.14106719888514668,1
554,-0.0669187430244303,-0.31775596274619344,-0.4361037157000656,-0.17436616151254153,0.09942131364107434,0.4645939956537801,2
555,-0.10851534558520785,-0.3931949666862482,-0.4957444302494893,-0.4819598556663876,-0.22249576237108057,-0.29030186347303105,1
556,-0.09384233436576551,-0.41483016068412426,-0.50262998913953,3.863843462596027,3.722693344812277,0.4645939956537801,2
557,-0.04352497985380997,-0.42763698305064285,-0.5175529662134846,-0.4548238016906317,-0.32203730069735276,3.969467627313974,3
558,-0.1134986324144524,-0.2525851507035545,-0.38104484145293677,-0.32271014515677127,-0.19761456654583556,-0.45206526185734763,-1
559,-0.06380418875615244,-0.31889266295623947,-0.44037839352399427,-0.4800213482916273,-0.2105323842247324,0.5185151284485523,2
560,-0.028367482414857755,-0.2775925553245671,-0.41150512055757804,-0.4804645606973419,-0.2714904827428007,0.8959630580119579,3
561,-0.013140772658832699,-0.19575014020125306,-0.34162565672928336,-0.12572916238835993,0.009928125757385966,0.6263573940380968,2
562,-0.2124722458286153,-0.16543813460002563,-0.31474893987224695,-0.2979293069818351,-0.19108159914308911,-1.3148033865737032,-2
563,-0.7087245592408865,-0.4670425903322385,0.33643551426394974,-0.34250117570062477,-0.33662712387287996,-1.7461724489318808,-3
564,-0.12394969229245142,-0.40550921896174685,-0.5039354296725861,-0.46778268117381133,-0.3128116184275226,-0.9912765898050698,-2
565,0.04361332734089707,-0.4670425903322385,-0.34264953165717044,-0.441602343280284,-0.33662712387287996,1.2194898547805912,3
566,-0.10332442180474476,-0.4670425903322385,-0.46397871061179197,-0.46032605849282404,-0.33662712387287996,-0.18245959788348665,1
567,0.038076341975069775,-0.008952405683689001,-0.207498041176073,-0.24943421853699113,0.21434413369047672,0.5185151284485523,2
568,-0.09903325814622861,-0.40467563880771307,-0.49510450841955983,-0.38985311107262494,-0.028811812138549997,0.08714606609037447,1
569,-0.08865141058530243,-0.32684956442656166,-0.44321964644888096,0.8999889580298072,2.147993707961287,0.03322493329560225,1
570,-0.10290914790230771,-0.31923367301925326,-0.4378698999506709,0.005869764858237679,-0.10736086399868547,-0.23638073067825885,1
571,-0.09709531326818906,-0.3176044027181873,-0.43356962525354503,-0.2912744315982637,-0.031565511684132144,-0.12853846508871442,1
572,-0.0995177443657385,-0.40088663810755965,-0.5000447049466151,-0.30217184939983954,0.2797010540294411,0.08714606609037447,1
573,-0.08913589680481232,-0.2916118579151348,-0.38718809102025936,3.0321812486866797,1.6771990588679837,0.03322493329560225,1
574,-0.2879136714380121,-0.4670425903322385,-0.3150049086042187,-0.36270853163823574,-0.33662712387287996,-1.9618569801109698,-3
575,-0.10858455790228069,-0.29729535896536496,-0.4025462149385659,2.294686592969625,2.110655227960639,-0.3442229962678033,1
576,-0.10470866814620158,-0.4670425903322385,-0.5237218126540043,-0.19760674489363325,-0.33662712387287996,0.08714606609037447,1
577,-0.07806192607315773,-0.3433696074792306,-0.4571955392145399,-0.23667573627369415,-0.10206577976300223,0.35675173006423555,2
578,-0.10194017546328793,-0.3166192625361474,-0.44426911824996523,-0.3615438552432706,-0.17527033844159773,-0.18245959788348665,1
579,-0.11419075558518083,-0.20749604237172867,-0.3725978732978682,-0.37583598971304943,0.05560986758776035,-0.3981441290625755,-1
580,-0.12311914448757734,-0.42763698305064285,-0.5193191504640898,-0.04853099177293762,-0.3036332905950189,-1.260882253778931,-2
581,-0.09757979948769895,-0.3702336224433184,-0.4767771472103807,-0.31153356703171675,-0.17953771358838821,-0.020696199499169968,1
582,-0.08006908326827013,-0.3742120731784795,-0.4810518250343094,-0.4304051572320118,-0.21617940905430275,0.5724362612433246,2
583,-0.11246044765835979,-0.40035617800953816,-0.49866247379396755,-0.43831797897366437,-0.33075959555067086,-0.5059863946521198,-1
584,-0.12256544595099461,-0.4670425903322385,-0.4830739780168864,-0.3261305044207567,-0.33662712387287996,-0.775592058625981,-1
585,-0.09688767631697053,-0.05479931415554549,-0.24819706955958531,-0.33844271473685,-0.13204295588832352,-0.29030186347303105,1
586,-0.08968959534139505,-0.4026295784296302,-0.4987136675403619,-0.35658073467240214,-0.14744152909363537,0.5185151284485523,2
587,-0.05536028607326581,0.06190190740918012,-0.17243032489593976,3.3660546097366355,1.9459489301959452,-0.0746173322939422,1
588,-0.08671346570726288,-0.338292346541025,-0.45681158611658224,-0.3878066262424114,-0.20513334475189038,0.14106719888514668,1
589,-0.05203809485376944,-0.34749961824239783,-0.46397871061179197,-0.4919810792411425,-0.31359757695406915,1.0577264563962745,3
590,-0.07647004278048238,-0.3173770626761781,-0.4322385878472918,-0.27572621193634156,-0.10936780179776644,0.24890946447469112,2
591,-0.2706105921698019,-0.4670425903322385,-0.27584169261253705,-0.05858911147056681,-0.33662712387287996,-1.5844090505475643,-3
592,-0.0633889148537154,-0.3595865304758873,-0.46065111709615886,-0.3057296674872928,-0.10060479486401655,0.8420419252171857,3
593,0.15089241880380092,-0.0381277110748704,-0.17038257504016557,-0.3201853753958477,-0.2991206145618758,1.165568721985819,3
594,-0.07141754363416497,-0.4670425903322385,-0.46180297639003187,-0.31997053191259955,-0.33662712387287996,0.6802785268328689,2
595,-0.05681374473179548,-0.35560807974072617,-0.4674598853666081,-0.49764614007829705,-0.26286662090710894,1.0038053236015023,3
596,-0.16969903387759944,-0.4670425903322385,-0.4775962471526904,-0.48254629705444785,-0.33662712387287996,-2.069699245700514,-3
597,0.4678848309974135,0.2699180458476033,0.16621630750271912,0.33017279474716105,-0.14077938246485452,1.5430166515492245,3
598,-0.10512394204863863,-0.3970597474004047,-0.4914185586791663,-0.3832636962787835,-0.10461208599468823,-0.23638073067825885,1
599,-0.06152018229274868,-0.36417122132307295,-0.46925166649041056,-0.3788807036304964,-0.22389867858187273,0.9498841908067301,3
600,-0.00206680192717811,-0.4670425903322385,-0.3339465947701301,-0.2657763300513622,-0.33662712387287996,0.7341996596276412,3
601,-0.1681071505849241,-0.4670425903322385,-0.4371275906279527,-0.06911184162116867,-0.33662712387287996,-1.4226456521632476,-2
602,0.011083538316661713,-0.2093905427218054,-0.36850237358631976,-0.502230758705716,-0.29011344308515363,1.0038053236015023,3
603,-0.2301905989992626,-0.3362841761699437,-0.4432964370684725,-0.487645753003083,-0.2701153320767927,-2.8785162376220974,-3
604,-0.06511922278053642,-0.32961553493767365,-0.4499004303533443,-0.4182977935125603,-0.16319080614751819,0.5724362612433246,2
605,0.9177648919708812,-0.4670425903322385,1.0467487454856266,-0.4120100234730385,-0.33662712387287996,1.0577264563962745,3
606,-0.15211910534109777,-0.28558734680189085,-0.4171364326609571,-0.06544593305495286,0.5520447455251378,-1.0451977225998421,-2
607,-0.09100462936577904,-0.4670425903322385,-0.5100018886203171,-0.4461150411841137,-0.33662712387287996,0.6802785268328689,2
608,-0.1092766810730091,-0.395733597155351,-0.4973314363877143,-0.507064752696805,-0.32888584698722034,-0.3442229962678033,1
609,-0.13931482668262218,-0.3652700315261174,-0.47199053192250856,-0.1781618543155692,-0.1054346821448821,-1.1530399881893865,-2
610,0.663755688313554,3.6781241756356127,2.5858887308319125,-0.2506079882742438,0.02421607950801088,0.14106719888514668,1
611,-0.06525764741468211,-0.3094201612058559,-0.4355661813629249,-0.32190881039579655,-0.10200933307109614,0.4645939956537801,2
612,-0.0664342568049204,-0.3542819294956725,-0.46254528571275,-0.43616214303505313,-0.20498077063110443,0.7341996596276412,2
613,-0.07107148204880077,-0.35034136876751293,-0.4504123678172879,0.5803386930208586,0.1857744545388902,0.5724362612433246,2
614,-0.059928299000073335,-0.4670425903322385,-0.4758812566484795,0.07413735866842648,-0.33662712387287996,1.165568721985819,3
615,-0.05189967021962376,-0.14914543158936586,-0.31807653338788,-0.3536850122331196,0.040428566885015386,0.14106719888514668,1
616,-0.09695688863404336,-0.4018717782895995,-0.49825292382281267,-0.13855374263353956,-0.1547462098198999,0.1949883316799189,1
617,-0.08269915131703809,-0.39622616724637094,-0.49246803048025056,-0.4100245702997007,-0.259281538383663,0.6802785268328689,2
618,-0.10588527753643988,-0.42365853231548173,-0.5171946099887241,-0.4299424547445119,-0.16181171022061006,-0.12853846508871442,1
619,-0.13357020436557634,-0.2518273505635238,-0.3825806538447674,-0.19831241202969602,-0.2904293846855742,-0.6138286602416643,-1
620,-0.07335548851220453,-0.4670425903322385,-0.44449949010873985,-0.10065510221951467,-0.33662712387287996,0.5185151284485523,2
621,-0.13979931290213207,-0.4670425903322385,-0.2525485380031055,-0.4140712363873846,-0.33662712387287996,-0.6138286602416643,-1
622,-0.23462018729192446,-0.4670425903322385,-0.010402117557805934,-0.2801098804438585,-0.33662712387287996,-0.8834343242155254,-1
623,-0.09439603290234824,-0.4670425903322385,-0.5118704603637112,0.07256956984981107,-0.33662712387287996,0.5185151284485523,2
624,-0.11557500192663765,-0.4670425903322385,-0.20058688541283506,-0.4055336948730736,-0.33662712387287996,-0.3981441290625755,-1
625,0.00969929197520489,-0.4670425903322385,-0.21261741581550853,1.7910527883756944,-0.33662712387287996,0.4106728628590078,2
626,0.09759893465771317,-0.4670425903322385,-0.16833482518439136,0.2749477755564677,-0.33662712387287996,0.8420419252171857,3
627,-0.13357020436557634,-0.4670425903322385,-0.22106438397057712,0.04392691593540178,-0.33662712387287996,-0.3442229962678033,-1
628,0.033231479779970895,-0.4670425903322385,-0.18830038627818985,-0.4561549841486366,-0.33662712387287996,0.4645939956537801,2
629,-0.07612398119511818,-0.4670425903322385,-0.33010706379055343,-0.31766281776429334,-0.33662712387287996,-0.020696199499169968,1
630,-0.42356981290078083,-0.4670425903322385,-0.19341976091762536,0.5011158574409919,-0.33662712387287996,-2.339304909674375,-3
631,0.9731347456291541,-0.4670425903322385,2.8807647100633975,-0.3374287996403003,-0.33662712387287996,0.3028305972694634,2
632,-0.49278212997362203,-0.4670425903322385,1.344952318232745,0.04231782980607943,-0.33662712387287996,-0.775592058625981,-1
633,-0.1042241819266917,-0.4670425903322385,-0.3418816254612551,-0.514629786436288,-0.33662712387287996,-0.29030186347303105,1
634,-0.08962038302432221,-0.4670425903322385,-0.44247733712616283,0.1763202184220773,-0.33662712387287996,0.03322493329560225,1
635,-0.25192326656013475,-0.4670425903322385,0.10734349914921078,-0.42424165014276183,-0.33662712387287996,-0.8295131914207532,-1
636,-0.21731710802371415,-0.4670425903322385,0.15316190217215858,0.25388828971679883,-0.33662712387287996,-0.775592058625981,-1
637,-0.21524073851152892,-0.4670425903322385,0.01903428661894824,-0.35147266328548726,-0.33662712387287996,-0.6138286602416643,-1
638,-0.6325910104607612,-0.4670425903322385,0.43498347607308335,-0.27243240622732556,-0.33662712387287996,-1.4765667849580197,-3
639,-0.21524073851152892,-0.4670425903322385,-0.32217203309942843,-0.40493170461292893,-0.33662712387287996,-1.3148033865737032,-2
640,0.03184723343851407,-0.4670425903322385,1.9976725847607724,-0.08699090380437971,-0.33662712387287996,-0.23638073067825885,1
641,-0.11142226290226717,-0.4670425903322385,-0.2612514748901459,-0.5123437460652567,-0.33662712387287996,-0.3442229962678033,-1
642,-0.004143171439363345,-0.4670425903322385,-0.3027184094695735,-0.2549048843648889,-0.33662712387287996,0.5724362612433246,2
643,-0.1072695238778967,-0.4670425903322385,-0.32908318886266635,-0.3950215295861367,-0.33662712387287996,-0.3442229962678033,1
644,0.10798078221863935,-0.4670425903322385,0.04463115981612578,-0.3830424026559552,-0.33662712387287996,0.4106728628590078,2
645,-0.11903561778027971,-0.4670425903322385,-0.16884676264833492,-0.5062468469229839,-0.33662712387287996,-0.3981441290625755,-1
646,-0.08892825985359379,-0.4670425903322385,-0.5102322604790918,0.29264499403099614,-0.33662712387287996,0.8959630580119579,3
647,-0.24638628119430744,-0.4670425903322385,0.4746586295287085,-0.5239294008362081,-0.33662712387287996,-0.6138286602416643,-1
648,-0.08782086278042833,-0.4670425903322385,-0.4893452119501949,0.08784254326006284,-0.33662712387287996,0.4645939956537801,2
649,-0.013417621927124063,-0.4670425903322385,-0.38411646623659806,3.2258859290367923,-0.33662712387287996,1.0038053236015023,3
650,-0.07820035070730341,-0.4670425903322385,-0.3951231217113844,-0.26182440596189643,-0.33662712387287996,0.08714606609037447,1
651,-0.08878983521944811,-0.4670425903322385,-0.472348888147269,-0.42601455321244047,-0.33662712387287996,0.24890946447469112,2
652,-0.8900608299717304,-0.4670425903322385,1.0380458085985862,0.8330027067413184,-0.33662712387287996,-1.4765667849580197,-3
653,-0.12595684948756383,-0.4670425903322385,-0.38232468511279566,-0.4997025834175522,-0.33662712387287996,-0.5599075274468921,-1
654,-0.07335548851220453,-0.4670425903322385,-0.25101272561127486,-0.27863554035285304,-0.33662712387287996,-0.12853846508871442,1
655,-0.09453445753649393,-0.4670425903322385,-0.5282268623367076,-0.24285902600311943,-0.33662712387287996,1.2194898547805912,3
656,-3.1657618153267486,-0.4670425903322385,7.01465973140757,-0.4846048434772369,-0.33662712387287996,-1.1530399881893865,-2
657,1.8071431663568902,-0.4670425903322385,0.7831009515546979,4.143580094696012,-0.33662712387287996,2.8371238386237576,3
658,0.17165611392565325,-0.4670425903322385,-0.0357430220230117,0.7971827158415601,-0.33662712387287996,0.8420419252171857,3
659,-0.028713544000221962,-0.4670425903322385,-0.4025462149385659,1.305869556709618,-0.33662712387287996,0.8420419252171857,3
660,-0.08498315778044184,-0.4670425903322385,-0.44977244598735844,1.2105450854938633,-0.33662712387287996,0.1949883316799189,2
661,-7.6472593457932145,-0.4670425903322385,6.3644991521992615,-0.5189993208537699,-0.33662712387287996,-2.5549894408534644,-3
662,0.06991400782857672,-0.4670425903322385,0.37227113673999834,-0.43718187294949623,-0.33662712387287996,0.03322493329560225,1
663,-0.6568153214362557,-0.4670425903322385,0.4426625380322366,-0.3544336134298951,-0.33662712387287996,-1.4765667849580197,-3
664,-0.11439839253639934,-0.4670425903322385,-0.5002750768053897,0.8342575217104083,-0.33662712387287996,-0.6138286602416643,-1
665,-0.1339854782680134,-0.4670425903322385,-0.4130409329494087,0.21155670866476933,-0.33662712387287996,-0.7216709258312087,-1
666,-0.12803321899974907,-0.4670425903322385,-0.3656867175346302,2.753967981652157,-0.33662712387287996,-0.5599075274468921,-1
667,8.47921053217878,-0.4670425903322385,3.5462834131900136,-0.5130170802996947,-0.33662712387287996,4.5626000880564686,3
668,-1.0201799860686718,-0.4670425903322385,0.5552887800998177,-0.48836634121249567,-0.33662712387287996,-2.015778112905742,-3
669,-0.13758451875580113,-0.4670425903322385,-0.4455489619098241,1.5966937912540577,-0.33662712387287996,-0.8834343242155254,-2
670,-0.22423833973099827,-0.4670425903322385,-0.25331644419902083,-0.4912539121379696,-0.33662712387287996,-1.1530399881893865,-2
671,-0.11536736497541912,-0.4670425903322385,-0.4585521734939903,-0.37841546804860055,-0.33662712387287996,-0.5059863946521198,-1
672,-0.050792273146458296,-0.4670425903322385,-0.43963608420127614,-0.1977122534663767,-0.33662712387287996,0.7881207924224134,3
673,18.202364471522728,-0.4670425903322385,6.918671456918155,-0.29073614730139297,-0.33662712387287996,4.5626000880564686,3
674,-0.0864366164389715,-0.4670425903322385,-0.497433823880503,0.4891156234807686,-0.33662712387287996,0.6263573940380968,2
675,3.21907443464285,-0.4670425903322385,6.446409146430229,-0.3426084159106473,-0.33662712387287996,0.6263573940380968,2
676,-0.4208013202178672,-0.4670425903322385,-0.022176679228507603,0.5474095781134072,-0.33662712387287996,-1.6383301833423365,-3
677,-0.13703082021921842,-0.4670425903322385,-0.3288272201306946,-0.49999498765137124,-0.33662712387287996,-0.6138286602416643,-1
678,-0.039441453146512345,-0.4670425903322385,-0.2515246630752184,0.19196770608956665,-0.33662712387287996,0.14106719888514668,1
679,0.18411433099876467,-0.4670425903322385,0.4452222253519544,-0.5238365490021263,-0.33662712387287996,0.24890946447469112,2
