"changerate","lastmin","lastmax","valmax","valmin","changepercent","degree"
650,4073,4775,51837208685,3679951001,14,2
2270,0,10240,48908272400,0,23,3
-180,0,7470,317555750690,0,-3,-1
820,0,6900,101452227350,0,12,2
-6220,18300,19160,27437964020,2883457610,-33,-3
1360,0,5770,22110971930,0,24,3
-720,11510,11850,33576785440,3698868580,-6,-1
-98,3725,4260,18363859997,250288158,-3,-1
1700,68200,72500,192782654100,29451405250,2,1
-1350,6850,7850,478070358810,6178092290,-19,-2
193,1374,1656,38360660872,2240163715,13,2
122,0,3192,51873372035,0,4,1
1280,0,20930,49602228570,0,6,1
6960,57280,58500,62286358450,6287920200,12,2
-1690,0,17960,13000000000,0,-11,-2
386,1833,2100,56973791080,4447323722,20,3
-2660,5590,6050,11340821090,1003442310,-47,-3
970,11380,11900,54279578800,2306189430,8,1
-130,34270,39760,392387833800,76152129870,-1,-1
1940,9440,11100,131590396100,7022077090,18,2
2900,21150,25100,57114838100,5211597100,13,2
9760,37690,46860,157336271010,2898184400,22,3
-2690,12290,14190,18501611500,9952630,-21,-3
2150,24400,26850,266371562300,26616075550,8,1
1540,0,10110,38700930490,0,16,2
358,1784,2077,63934408591,16139780296,18,2
78950,170900,218350,20705200900,906500,39,3
320,1770,2079,126329180771,11537362622,16,2
414,1970,2358,44843988494,2837755848,19,2
50,13460,14590,158492463340,65305055630,0,-1
668,3807,4439,29918566901,3072859527,15,2
-3120,9930,10640,20066209620,1516944850,-30,-3
-2440,0,16370,8127646990,0,-16,-2
3880,66990,78700,40755776670,4372197100,4,1
19470,0,26350,5138143150,0,76,3
305,1418,1620,13041484668,3102385976,20,2
488,1008,1407,62969938933,4583595086,41,3
650,11760,12990,26780391210,3099009370,5,1
-1060,5890,6830,87742376410,4050813400,-17,-2
140,2821,3130,49041093385,4945534739,4,1
-1660,0,13320,43161966900,0,-13,-2
59,2320,2469,19074161142,573977093,2,1
390,0,6790,159076027670,0,5,1
-3340,10040,13110,207202528450,3043939460,-29,-3
-3500,94860,103400,151303279100,20383744980,-4,-1
-1170,6600,7010,15694284180,626329700,-17,-2
95,2305,2420,100199526061,20559065021,4,1
-250,30350,31900,194169909840,41147119030,-1,-1
3,3326,3470,56333790576,1554513423,0,1
2630,11970,13450,25225045860,3617248750,21,3
-370,6130,6380,20345773020,2530886500,-6,-1
214,1130,1276,41856214949,9570244259,17,2
321,1897,2336,535176912237,14681831508,16,2
3800,33550,36800,61787348600,4741045350,11,2
830,0,6600,236065960890,0,13,2
-3120,23050,23910,17383538980,328820190,-14,-2
211,0,2700,23044314670,0,8,1
8370,29340,34320,28462429660,1537816040,25,3
39400,63100,73450,4886911200,101219200,60,3
2090,12310,15690,47408099200,2305958470,15,2
498,3688,4295,41561228394,2926560485,12,2
-5430,0,13200,19023437530,0,-46,-3
335,2620,3051,15679483119,3525781105,11,2
320,18810,22250,48200853000,1473771400,1,1
1270,7600,9140,18885374750,3270282840,15,2
60,11000,11990,34114045670,7239080650,0,1
-1010,0,16620,245053746280,0,-7,-1
80550,129550,144500,31518648450,18785000,58,3
860,0,10540,293969837670,0,8,1
4580,16400,20070,63480083850,5875062720,25,3
530,0,7890,17000926850,0,7,1
2110,14280,18400,65546524160,6994700980,13,2
15,0,1366,60112193837,0,1,1
-1151,4517,5050,16082052557,40325490,-24,-3
890,5710,6860,1049665885190,23196086970,14,2
-350,22800,26290,39300568060,5929472690,-3,-1
1044,4030,4914,21283211591,3999981613,23,3
-3500,48950,52150,11438628500,906981800,-7,-1
-2710,7460,9150,103627309390,940248750,-33,-3
303,2858,3492,225761761362,25603312875,9,1
-126,4900,5850,42664685390,3956891660,-3,-1
687,2331,2709,74929104211,1786969323,27,3
316,4849,4965,62541722767,2914102334,6,1
550,0,7740,41434959140,0,8,1
-1150,0,21300,54033127550,0,-6,-1
-5320,0,22390,74811602940,0,-25,-3
8920,23200,30420,86733073570,10734206650,31,3
362,2126,2383,125228119054,12685601469,16,2
-261,3490,3900,17088127253,41554800,-7,-1
-170,11420,12340,6032902690,1386823040,-2,-1
390,5360,6380,50009924010,6193590620,6,1
-2020,11560,12750,23890281490,855281190,-17,-2
176,1352,1458,23629005642,4410639304,12,2
1320,0,7030,32837570930,0,20,3
135,0,1470,60192049935,0,10,1
649,3601,4328,71837956316,3305400361,16,2
1078,2596,3201,30407142354,5861376688,38,3
3910,14490,18790,49978093230,5811382550,24,3
-501,4694,5660,66577886496,2298501120,-11,-2
1890,6180,8180,100746796820,12744638520,25,3
1250,23000,25500,55314923750,518562000,5,1
950,6430,7620,133114811650,27257305570,13,2
284,3140,3430,43224273848,1148243485,8,1
-160,12640,14700,54538517790,2971393180,-2,-1
440,0,6370,27676441520,0,7,1
3320,6800,10300,79069872830,11664723150,36,3
2450,7580,10200,322276513160,115009701450,28,3
-2080,8620,11320,198918056040,47283640,-21,-3
436,2571,2969,38085610788,4905109589,15,2
451,0,5610,26339519060,0,8,1
10050,18400,23900,49936875100,526612500,48,3
160,0,8770,98325856530,0,2,1
464,0,3600,63371125425,0,14,2
-7860,38000,42470,222554170930,8450803860,-20,-3
-18430,113020,128890,266416607770,9537792440,-16,-2
71,0,800,6078569231,0,9,1
1324,0,5250,122482735510,0,27,3
795,4552,5361,56275747559,1391842712,16,2
2500,0,30000,50032237150,0,9,1
347,1680,1972,31741317234,7015063218,19,2
10,0,5790,25330216080,0,0,-1
334,2385,2828,110127936173,21356805614,13,2
303,0,2359,43723062758,0,14,2
1150,6110,7340,34068118070,2629621540,16,2
293,4268,4542,4181668912,187103148,6,1
1090,0,11930,21897197300,0,10,1
-262,3442,3820,21549811942,2624563413,-7,-1
-2900,36800,39250,23940280000,1551396200,-8,-1
-10680,0,41290,120750482310,0,-30,-3
1143,4475,6000,253758113628,9299124825,22,3
3570,0,19540,53226091210,0,20,2
4330,15550,21380,122000485900,3111629220,22,3
3950,0,90250,20959974600,0,4,1
-89,3031,3300,20544953212,5487489917,-3,-1
1570,17650,19350,52053486260,7871807880,8,1
13050,36900,48700,55399419800,4008857250,30,3
-106,1790,1947,44112114050,1790053529,-6,-1
2620,0,11790,459189855600,0,24,3
1362,0,4087,74198348611,0,36,3
4210,20700,25960,976013710510,127798770030,18,2
-14,0,2188,53495171257,0,-1,-1
1650,6770,8000,141120217470,9774693150,22,3
444,1602,2220,161294106194,5229197416,23,3
1818,4671,6000,49766505798,4512764180,33,3
407,0,2144,1441606500008,0,20,3
-6440,15390,17580,86568874790,474338420,-39,-3
60,1499,1869,422534047888,69844527362,5,1
1620,18080,24080,45554104630,5726384890,8,1
300,0,7110,113016860150,0,5,1
170,2511,3211,173243594372,34039687008,6,1
2280,13500,17270,205883893340,17050866960,14,2
50,5740,6440,70443465980,7545513760,0,1
9100,103500,116980,250608727070,5636478010,7,1
681,3373,3880,73143030137,13164976860,19,2
3270,20100,23570,98156819970,9586101600,14,2
734,2910,3550,95851386190,13883676044,22,3
402,1555,2179,3558470061974,146234128248,23,3
1580,9740,12280,34973067120,8392303800,13,2
-980,12690,14370,211096576420,233177520,-8,-1
-6700,24700,28650,120001081150,691033200,-25,-3
880,6550,7640,40980753400,5892278730,11,2
-1800,0,24450,323466696800,0,-9,-1
476,1914,2550,163157082746,10258232913,21,3
1630,9070,11020,470678553740,7795325520,15,2
251,0,3630,182291236477,0,7,1
2940,15840,18440,63185891880,7332818420,17,2
165,2906,3606,1559593349440,297479054915,5,1
5020,26940,32300,81383391110,6940062170,17,2
-13650,21100,25600,41156537750,91698950,-57,-3
1177,2950,4149,179890960551,16197084777,32,3
711,2670,3589,47097466949,4715972675,23,3
243,1515,1815,105247164487,12454289054,14,2
137,0,4068,38749372954,0,4,1
266,1779,2251,1776378809582,214324735301,14,2
1040,5170,6600,638304113840,4341118400,17,2
2170,7820,10430,108658528910,11996336580,24,3
3560,21750,24000,46673249280,1629468390,15,2
-458,0,1389,46286431277,0,-36,-3
810,13420,14290,7422785120,306411180,6,1
-2690,31210,35080,12166059720,507906210,-10,-2
1230,7840,8760,15251961830,585638310,14,2
327,2475,2879,24603288396,3352603792,12,2
351,0,1338,309548569851,0,31,3
620,5270,6030,53351190490,3670561520,10,2
610,0,5700,50541771030,0,11,2
4260,23520,25600,7038931460,403218040,17,2
4150,30440,33900,62638801460,4864428290,12,2
200,28000,30700,43877150200,2209406200,0,1
1190,6180,7290,36076164120,4232943290,17,2
1550,9680,12050,50464484470,4387704440,14,2
-450,6000,7310,49374399840,25452600,-4,-1
2620,9030,11490,42559510110,3288180530,26,3
1300,26100,28150,91692025550,14963660000,4,1
3810,12030,13400,25950680570,518615290,30,3
350,32950,35500,199089268950,6570418100,1,1
-140,17410,19830,27932856160,3255406870,-2,-1
659,3410,4042,35951317604,4273645199,18,2
810,0,7710,82632087880,0,10,2
1350,6600,7310,19711350800,909251310,19,2
5260,22050,23820,11987377610,1203454210,23,3
10900,70250,86800,21769923950,470614250,13,2
1120,24500,25880,17371322850,1116800700,4,1
7900,27000,34500,72191609880,6625421890,26,3
3240,9930,11780,162138487110,1684582180,29,3
-2700,16180,17000,9739075100,456283260,-16,-2
1950,43750,46400,33873834050,2731630300,4,1
289,2232,2620,34408831569,2141482946,10,2
7980,20030,25140,65927632960,1573767840,35,3
2920,18890,20020,17605405400,3294772250,15,2
120,1460,1715,27577935244,2725374559,7,1
240,17120,18890,82940511490,11333089360,0,1
15,0,747,487060379261,0,1,1
300,11790,13150,75666729460,15303508100,2,1
691,2081,2951,827301417125,39842849485,28,3
-550,0,53550,21133036200,0,-1,-1
630,3801,4118,57361019649,3519201734,16,2
345,4074,4329,10842488836,3044405402,8,1
67,2815,3117,49396284052,6661936989,2,1
220,0,15800,221087690840,0,1,1
1590,9420,11710,54886015670,3895835050,15,2
3340,17390,20370,197031187380,5447042940,17,2
12300,104500,113850,243511727000,19844131100,11,2
396,2332,3051,51677651749,7139886181,15,2
5000,0,42560,92818699280,0,12,2
930,18350,23300,49903117850,6256340770,3,1
511,3240,3841,42121557631,4141816984,14,2
653,4607,5670,89961170066,6956927102,11,2
1280,7270,8570,59098798430,4525273680,16,2
34,1884,2106,91271053775,14249221638,1,1
6250,20800,29100,212174562050,7432010400,25,3
2080,0,13310,65678925740,0,17,2
1420,7870,10330,37645670310,5456424900,15,2
400,6430,7250,33183806580,7203351800,5,1
13800,0,27250,153801267520,0,60,3
2250,9050,12180,78064056370,5092382640,20,2
8050,0,62450,260421616250,0,13,2
1040,10960,11890,91188714060,31651841830,9,1
-120,5880,6300,40338099020,2662295900,-2,-1
3630,16280,17930,25774945350,2867212840,21,3
14990,27540,39680,205619372510,812308730,43,3
2880,18220,19860,14557879390,709213500,15,2
-5470,29000,30320,48246610040,1230939380,-19,-2
12600,49350,52550,13517219650,2624766650,24,3
-2950,28750,32450,16006238800,418806350,-10,-1
9800,50150,63900,117817405800,11142294300,16,2
1260,10730,11740,29349965740,1842684970,11,2
700,35800,37940,17342577170,421484640,2,1
983,2974,3558,131658354128,15934229355,29,3
10900,37600,42430,46502766170,2619535040,27,3
-4380,24670,26000,24748223320,270594850,-18,-2
950,9300,10000,47585256380,9598778210,9,1
3300,36550,40600,28215471900,65914800,9,1
1110,18160,19870,275776974580,27608552440,5,1
2650,0,21750,37936306650,0,12,2
-90,24910,27200,49205478180,9521559690,-1,-1
155,2170,2432,11028257414,93133580,6,1
4350,55000,59350,10605949410,2296606360,7,1
-2770,23210,25620,150347965330,792985640,-12,-2
420,6030,6630,21670627230,4074141450,6,1
3510,20200,23250,65994111840,1883096600,15,2
2650,18000,21100,95026576050,22181374400,12,2
-230,23200,26750,18348179350,924900630,-2,-1
460,5880,6610,49919765090,3102936080,7,1
227,4013,4504,26016580339,3817219418,5,1
-810,19800,21400,18221129010,649509580,-4,-1
110,7020,7740,28870909870,7718031540,2,1
2080,7620,9000,35491758470,3977998220,25,3
-3270,44540,53850,311741087120,14195082510,-8,-1
510,19490,20520,93619048650,4665939830,2,1
-4030,13470,14550,18778273360,38907350,-30,-3
3550,17400,22140,96783752320,1252567960,17,2
2610,79330,91460,59446914080,1616022000,3,1
2950,15990,17910,92853422240,12254228790,17,2
384,2300,2743,31093356589,2724853646,15,2
320,38210,39280,20758633390,2789233270,1,1
3720,40150,44560,29849134400,1020394630,8,1
26600,0,77450,69204179500,0,39,3
-390,14530,15440,15979834540,1254944420,-3,-1
-7450,0,28150,47438308450,0,-27,-3
840,12330,13210,349689630050,3826856110,6,1
558,0,2766,9739083436,0,20,3
1350,20050,21050,13390078400,1283202200,6,1
350,0,6680,282481824870,0,5,1
420,4267,4870,20439180988,402922138,8,1
830,24600,28690,81072227900,8585537140,3,1
11380,19850,28420,236448700230,30026162050,46,3
4410,27670,29040,28822274690,1243489480,15,2
1370,8460,8940,27222878660,5893216300,16,2
-90,6950,7120,15739160910,978358050,-1,-1
760,5830,6190,100828675480,760147730,12,2
-210,7180,8210,73060705580,1387523950,-3,-1
1670,20070,22340,98969726620,15887512280,7,1
-1840,33200,36470,198482963450,21496144150,-6,-1
3590,0,16070,108878790010,0,24,3
990,9810,10860,26902354130,1540111590,10,1
-1540,17830,21400,215183480380,19313745650,-8,-1
-3580,15060,17180,152319576400,28324542290,-23,-3
2700,0,102800,51998594100,0,2,1
-160,7080,8000,930597225620,217007632040,-2,-1
2480,12800,13900,151949110130,16075964140,18,2
1189,3980,4516,11521070822,1653142381,26,3
-660,13200,14300,19915009120,627372010,-5,-1
396,1535,1954,84459459928,3461052200,22,3
270,1560,1900,53519762331,9582553086,15,2
18480,172180,195680,872976674040,75403745770,9,1
-400,6310,6900,97938479710,26868537830,-6,-1
-340,5830,6470,1147782629540,269169760920,-6,-1
-144,4843,5182,607771551024,144163990030,-3,-1
4890,0,15780,166833513390,0,34,3
-220,13640,14790,5752114660,312939440,-2,-1
-650,7840,8740,33991816940,7397652890,-8,-1
-6540,37300,39000,22547114280,3543776450,-17,-2
220,11290,12000,171677258160,2437773600,2,1
1700,0,16060,383088107320,0,11,2
11500,44100,47950,80356344550,4657511250,25,3
-26300,0,290000,32105352000,0,-10,-1
30400,61150,83100,83157941450,2500863700,43,3
308,2955,3130,59670771844,19573929692,10,1
67,916,982,1558411052909,221551080461,7,1
1208,4015,4302,6818769787,366974108,29,3
225,1512,1726,61665138586,5909771417,13,2
1550,0,34200,32118055800,0,4,1
-310,17810,19150,22174194890,3190667280,-2,-1
502,4060,4851,19876298149,989128082,10,2
269,925,1196,162653697201,6676292475,24,3
-1770,6000,7440,546652489000,41719330090,-26,-3
-200,26600,29700,93722952000,4771990300,-1,-1
13300,71150,74650,9195803950,1581279750,18,2
201,3090,3499,84197804652,9197848548,6,1
1180,16690,19190,46290744020,4046292920,6,1
-745,4112,4551,24575406944,1215199889,-18,-2
590,9470,9920,77341854080,24835289050,6,1
590,9690,11190,303595324300,48839139100,5,1
530,4350,5050,41306258174,5261460672,11,2
3050,24100,25900,18389212700,1056819200,11,2
-11200,73750,83850,106523070200,247178900,-14,-2
-1680,6940,7200,14839651260,3118699820,-24,-3
2330,12480,15250,59481318700,6355315580,16,2
-2720,64500,72700,105430842540,20277856160,-5,-1
400,9000,9590,109539284510,23297731080,4,1
867,0,4883,62585759344,0,18,2
1090,8240,9330,24612971190,2160673740,12,2
129,0,3657,250266392726,0,3,1
1420,12170,13590,31870735530,3602011330,11,2
2410,49400,56930,20051883190,2375617550,3,1
4500,25500,30100,21149901900,2102533150,15,2
600,0,9840,37147940050,0,6,1
-1960,11970,13140,23397438290,955970160,-17,-2
537,1973,2478,86591076561,9513812798,23,3
2510,9630,11990,110680023190,4745923750,23,3
3860,35460,42450,101176184130,13722192540,9,1
17400,0,45420,508746932530,0,48,3
880,9450,10750,44499923450,7116388560,8,1
620,7250,8030,136055230020,22866505940,8,1
604,2611,3182,52033644170,6431088772,20,2
609,3871,4800,26961835792,2279410425,12,2
669,3194,4061,42156781271,3512258689,17,2
-170,16270,18120,60560165260,2310198410,-2,-1
526,4111,4560,38579480273,2025534449,12,2
274,2030,2326,32502873895,10376352158,12,2
-1860,6350,7150,35033161010,468990010,-28,-3
910,9200,10750,130112068280,11237794640,8,1
1450,5380,6520,23584871090,4504562790,23,3
9310,0,41200,87887482400,0,24,3
402,1300,1507,17794359285,2384652037,29,3
6350,34900,42300,43023459400,2163373650,15,2
2430,8700,11530,52997051880,8944534570,22,3
1440,0,12500,43712599370,0,11,2
304,0,2186,81996868614,0,15,2
720,0,11850,34725562490,0,6,1
710,5480,6800,228867627190,10024882390,11,2
1880,0,11010,621812193740,0,18,2
348,0,4000,80634392092,0,9,1
-1,0,1111,170511577998,0,-1,-1
180,1240,1422,204660670978,24870430523,14,2
-1870,7650,8420,997817490930,27664687480,-24,-3
450,17790,19190,137603134600,23308397760,2,1
-19250,42150,53650,88794010700,3606051150,-40,-3
428,3184,3680,27611627487,3051107557,12,2
-130,0,12910,33082177900,0,-1,-1
660,6310,7170,10415502130,1975773550,9,1
-659,4309,4650,20788216328,129855861,-15,-2
-4800,0,18790,18461575820,0,-27,-3
940,23250,25080,114329624260,15099033420,3,1
-7900,14260,16890,39218148760,6556000,-51,-3
-114,1631,1818,36893360779,745374688,-7,-1
41450,426110,494890,156158886220,8144496820,9,1
-1010,0,8260,248626277090,0,-14,-2
423,4360,5198,158287324900,3187493860,8,1
620,11760,12640,38181587150,10384909610,5,1
-650,2765,2878,13866335203,6459661386,-23,-3
-1223,1707,2014,27326064198,13177098,-66,-3
-6170,17930,19270,49180299100,1070938040,-34,-3
-174,0,4230,282781955744,0,-5,-1
1440,8990,11650,1065224848230,88942371220,14,2
1050,22470,26800,48478576260,4682227830,3,1
-50,5130,5540,41966823770,4855091550,-2,-1
-400,23200,24800,24059082550,1604753600,-2,-1
1500,11770,13810,59010313840,9038281300,11,2
250,0,23400,1382894284000,0,1,1
360,4630,5180,82442111551,9731833518,7,1
-162,0,810,3953391927,0,-21,-3
467,3120,3547,242208109313,13302231033,13,2
-3740,25090,26580,68591234670,6687548620,-15,-2
800,11600,12950,59296256770,7027310820,6,1
-9450,0,57000,2341622900,0,-17,-2
339,1191,1409,90614328342,7547591241,25,3
-1560,16570,17770,125088832100,6524269840,-10,-1
930,19320,21340,6926474860,1028331920,4,1
-110,0,9070,116937122920,0,-2,-1
-1380,12470,15200,116478635200,133029000,-8,-1
2540,14840,17750,46441009700,2480350970,15,2
99,0,1830,186497900591,0,5,1
46,0,19280,19280000,0,0,1
1820,22520,31740,270572972750,11739866880,5,1
350,0,5710,269795682100,0,6,1
-2300,0,6460,7003049280,0,-37,-3
2000,7230,8680,15415276800,1100511360,25,3
-6900,0,28700,449222271200,0,-27,-3
-70,23310,27700,42109411710,2625429660,-2,-1
-1660,12270,14320,29439664520,6171604960,-12,-2
-220,0,5810,864611493990,0,-5,-1
-780,7010,7360,17554611940,2627082270,-11,-2
820,8310,9110,48800042330,9400779280,9,1
48300,158550,167500,41366348800,670591350,29,3
458,4730,5278,76764550270,5276202246,9,1
700,8140,8870,3168733030,90974850,8,1
-38,2185,2387,139879071102,36731291568,-3,-1
408,0,5290,169057312160,0,8,1
1570,15070,17260,41540132710,9205126330,9,1
1554,3920,4578,9721837025,1977259352,36,3
2687,0,6830,348861451910,0,46,3
284,1684,1947,25707414300,3400425853,15,2
2770,12900,14360,16412913400,2122554320,20,2
888,4851,5860,40531567630,6697306210,16,2
4570,66510,83180,51778360910,1332299350,6,1
240,9000,10100,31455373890,1864348990,2,1
-21500,0,114900,26102761250,0,-19,-2
260,1830,2218,150529347457,4910680242,12,2
1000,5610,7310,20742170060,993232750,15,2
6150,22500,27150,229464336900,1199231000,24,3
2140,0,11020,75814326000,0,21,3
5220,12600,18210,808511430410,93301118060,33,3
628,4569,5490,185863947598,32803618874,12,2
480,0,5480,113719225490,0,9,1
-24600,46950,49850,39730494900,36621000,-52,-3
430,13490,16450,181893023100,21329852480,3,1
-5740,0,18700,86243420560,0,-32,-3
4060,24550,30070,91303417790,6406831150,15,2
400,6790,7770,65596269740,9909109420,4,1
1270,7380,8850,90350056860,2856980280,16,2
2220,11020,14200,73064500230,6052951830,17,2
1180,0,8250,72057671780,0,15,2
130,0,7690,110748732110,0,0,1
-3040,11700,13840,168685335350,17455251640,-24,-3
470,4970,5270,219973972660,16142570860,9,1
2190,12570,13630,38870684780,901792940,16,2
1500,0,58120,265958989230,0,2,1
103,1374,1569,48805443428,6342451004,7,1
10330,56150,62900,124919571050,19969068500,17,2
169,735,880,413270408243,55076874985,20,3
3040,0,22180,47257503200,0,15,2
-2060,15400,16880,115176783420,4857396070,-14,-2
3880,25800,30200,32916517710,6396659290,13,2
12120,34400,39370,28749316150,5625808060,32,3
0,6040,7110,85263820100,21558899410,-1,-1
-350,6020,6420,31555284840,3981226040,-6,-1
1400,0,8660,38799107660,0,17,2
5800,80000,86850,60408367100,1746645800,6,1
-29800,38800,46850,9410823500,30651150,-67,-3
-2080,16800,19190,62397377270,941032690,-12,-2
740,3113,3800,43658498627,7070337942,21,3
1120,6970,8020,83958101780,3098564120,14,2
-2520,12190,14340,131329751010,1158176340,-19,-2
-570,0,14580,55204340740,0,-5,-1
1080,0,13890,43314487310,0,8,1
-4700,10090,11800,119483330740,18564261950,-44,-3
-13150,42000,44000,25071069000,1743833450,-31,-3
7200,69600,76000,47319984400,11989832850,9,1
2330,22660,24560,27495011020,5762386780,10,1
612,2551,3242,70714507546,11701280092,21,3
1056,5033,5770,66382326780,6879366740,19,2
-3070,0,16500,225038015610,0,-23,-3
-2790,0,11260,314067713950,0,-27,-3
-2840,14950,16850,228894119240,13494915440,-18,-2
-15650,52900,56450,21572986000,5031000,-28,-3
1100,10020,11700,245017206060,8799777200,10,1
-138,3271,3600,37157699938,4497607068,-5,-1
87700,142150,144950,362375000,142150,61,3
278,3751,4216,43694498463,7275220417,7,1
1640,7730,9870,28482016740,1936274920,17,2
45,1224,1377,47160594570,2036181528,3,1
434,0,5310,43004741240,0,8,1
1630,0,23920,44959027710,0,7,1
-33750,0,118900,29758941250,0,-32,-3
4060,0,20780,164834242490,0,21,3
102,0,1623,41751267474,0,6,1
-850,23100,26150,44291256100,162524850,-3,-1
1020,5240,5400,5514839450,718168780,19,2
1030,5950,6580,13077852710,2656851980,16,2
-2850,21650,23850,67624894500,1997126800,-12,-2
-2290,10710,13190,102121536350,7617219560,-20,-2
10420,0,81590,132420535070,0,13,2
-1270,17990,19420,61955423540,1157196200,-7,-1
-8980,0,17700,23047825200,0,-54,-3
5100,108400,121970,121550102280,770040580,3,1
5300,22530,27300,53698377400,5383916270,20,3
8050,0,40900,41554812950,0,22,3
2460,6330,7140,44627305600,1768789310,36,3
163,3990,4314,15013587725,1331537767,3,1
865,2156,2894,365113646903,4290643133,34,3
-6500,24170,26410,438806079510,10687432440,-26,-3
-3080,20810,28790,148531649360,36501158140,-16,-2
450,5760,6550,129013027800,12549015080,6,1
880,7920,9820,30097169420,5212390830,10,2
-8650,61450,68650,30804934750,537126300,-14,-2
1000,35300,46050,96698928350,10264975100,1,1
124,0,1216,50054404177,0,10,2
160,17550,17800,158670230650,9474386410,1,1
1510,2232,3071,68853799826,1311166798,52,3
3700,0,25700,158650200,0,15,2
985,4040,5140,55166769088,3725367100,21,3
3960,66750,76410,11129570170,1026651700,4,1
-550,88150,98450,316607324040,105796484300,-1,-1
178,1262,1493,47744341435,4520838003,12,2
2600,0,26900,62762236550,0,10,2
741,2430,3124,1110448479899,97973922122,25,3
1050,16910,18790,25473213040,1253898990,6,1
-1080,10920,11390,34733991760,6811489790,-10,-1
-170,7440,7890,158988538280,9096845850,-3,-1
790,8000,9080,35684058560,2860369710,8,1
-1570,14130,16310,93280586910,8334362130,-11,-2
23210,97930,128610,244262608710,64030295880,20,3
900,12200,13610,95095515140,2328551780,7,1
11,0,1214,27537030175,0,0,1
747,2371,2837,15264389634,1616544779,29,3
1950,20250,22250,13907751800,1681211650,8,1
-362,3431,3634,2196967448,18090000,-11,-2
983,0,6480,118386486233,0,19,2
-380,12510,13080,358208860400,3053745700,-3,-1
747,2020,2830,28579199520,3591206422,30,3
51,1596,1683,4278786610,406563203,3,1
1060,2613,3341,60817027062,3608428840,35,3
1090,8280,10390,894315052850,27775227500,11,2
500,55850,66250,430515357150,9958611600,0,-1
-440,6280,6880,88430978220,3224738770,-7,-1
237,1419,1787,791125117037,55215988888,15,2
272,2699,3246,995026585419,129889943027,9,1
-110,13620,15560,130749135610,730653790,-1,-1
194,3965,4321,19784750247,4895364885,4,1
444,1405,1587,11770507067,3192877016,29,3
500,8520,8720,523394638950,24267901320,6,1
5390,32530,34310,37354906910,2279456830,16,2
165,1625,1927,118573893055,1234774866,9,1
623,3940,4419,89834216857,11569827102,15,2
22,1949,2089,10798940627,3028287699,1,1
234,1378,1820,1127440055930,107707382790,15,2
961,1040,1237,17771468226,387116928,80,3
-50,5660,6570,51717675630,3688469250,-2,-1
668,3910,4252,11297034277,3345716234,16,2
1180,5000,5380,11183152180,1728293490,23,3
1400,7160,8110,102331347760,9195272760,18,2
-1480,7960,9160,58085037600,3861810780,-18,-2
-8650,0,34600,46632429750,0,-26,-3
-201,1624,1769,14441723049,631905212,-12,-2
2220,0,8070,21168682270,0,29,3
97,0,3330,16357679860,0,3,1
2140,12090,13350,70545704980,14619114850,16,2
159,1646,2114,34465492120,8167372314,8,1
309,3700,4141,365886539307,65925321513,7,1
103,3901,4350,136145297019,6083202596,2,1
187,3944,4518,59794987850,8094307432,4,1
152,1746,1921,56994929063,16353253086,8,1
302,4630,6330,913746946950,53433560915,7,1
-2570,0,9150,41440210310,0,-30,-3
21,4480,5730,724249909330,64934606444,0,1
77,0,996,83862618732,0,8,1
462,3264,3595,73823958693,6223698935,13,2
117,3970,4100,41739470413,4281336541,3,1
-60,6850,6900,38067149370,10407362540,-1,-1
-189,1040,1168,122167185929,875437024,-17,-2
180,2555,2830,54589463824,4168108770,6,1
433,2450,2663,24045765608,3195881731,17,2
-35,1760,1975,22012589818,155685200,-3,-1
-181,0,2584,50838824586,0,-8,-1
190,10880,11760,47675239110,5428303940,1,1
294,1700,1973,43014729343,5019728162,16,2
790,13960,14720,999534704690,60564396110,5,1
337,3398,3610,34991330253,3488970854,9,1
838,3155,3330,8224017316,611051097,26,3
485,3950,4570,63790056212,6029951807,11,2
-2320,0,10680,119582782270,0,-23,-3
674,2836,3460,56080758387,6262463763,22,3
3770,11320,14800,52366407640,995173450,28,3
558,0,3415,52421611028,0,19,2
769,2941,3194,6768396942,1957113460,25,3
-862,0,2798,10648256273,0,-32,-3
8350,19450,27950,219473986900,5196497250,35,3
71,1847,2258,36158622468,6156136893,2,1
701,2715,3124,37284819270,2991063628,24,3
1560,0,8410,66346648490,0,20,3
-839,0,4379,116878998350,0,-20,-2
1750,6800,7060,5590392950,1234163910,25,3
-1736,3451,4138,9337966377,1764780848,-47,-3
649,3627,3880,27156716366,4601847035,17,2
14850,0,62350,28772340000,0,26,3
-608,4789,5160,117820942550,23579444380,-13,-2
275,0,1532,20009158092,0,19,2
11,1882,2027,4348312707,205402032,0,1
-423,2686,3017,88858924987,6134310659,-15,-2
11180,109400,122480,70244108370,9574380080,9,1
647,4160,4440,51923576191,6225196655,15,2
630,2976,3386,22566525390,3493019157,20,2
563,3080,3860,283753363393,13861065469,17,2
724,0,2865,153686450290,0,28,3
840,8390,9030,43758776530,10004551730,9,1
189,1720,1991,99036110369,4825910490,10,1
395,1869,2217,29282496232,2052237720,19,2
60,1145,1251,24164655623,4638439074,4,1
-340,5680,6510,83681299680,1225780920,-5,-1
530,0,4091,108774052241,0,16,2
-430,0,11590,28242717530,0,-5,-1
-1800,0,21050,62663685750,0,-10,-1
226,0,1459,153283611660,0,16,2
-80,0,13620,30436413190,0,-1,-1
1730,0,13150,594842715290,0,14,2
3000,0,14880,205284084020,0,22,3
-340,0,12820,145923967730,0,0,-1
2070,0,14100,17429424890,0,15,2
490,0,8560,53014571250,0,6,1
-4530,0,13900,263397293640,0,-37,-3
15650,0,134000,47935761550,0,12,2
-5530,0,74000,145510517880,0,-8,-1
84,0,8100,2404500000,0,1,1
295,0,4170,179942029322,0,7,1
-2050,0,25650,25629460250,0,-9,-1
-1550,0,27440,199872912360,0,-8,-1
-1520,0,22200,44327232950,0,-5,-1
-7550,0,38450,64636389700,0,-21,-3
-1520,0,8870,30591092780,0,-18,-2
2050,0,99500,112285027000,0,2,1
-20,0,11250,2991891210,0,0,-1
1530,0,9630,69140033820,0,17,2
40,0,8600,33137482500,0,0,1
3150,0,23200,36215483200,0,14,2
-130,0,14860,4558471140,0,-1,-1
305,0,1523,209831331175,0,23,3
-1970,0,40000,14992000,0,-5,-1
321,0,2339,157207956324,0,15,2
1396,0,6450,963518783010,0,25,3
460,0,6020,67362083520,0,8,1
307,0,3003,25173918129,0,11,2
-11270,0,62010,348674623150,0,-21,-3
-230,0,6520,6240000000,0,-4,-1
530,0,11650,63042513010,0,4,1
224,0,820,72235180961,0,29,3
-44150,0,295500,10119318950,0,-15,-2
27700,0,52050,1199317543700,0,59,3
4070,0,20060,339470784030,0,22,3
1175,0,5730,470176340570,0,22,3
362,0,3885,445683003882,0,10,2
-108900,0,270100,1281761250,0,-41,-3
2600,0,36000,22304508850,0,7,1
-7900,0,38750,43566425700,0,-21,-3
-63,0,1912,348997044089,0,-5,-1
-346,0,5320,188995939700,0,-7,-1
-260,0,7170,842260883260,0,-4,-1
124100,0,160000,2818880000,0,91,3
-13150,0,43150,9152813400,0,-31,-3
-398,0,4050,544902754500,0,-10,-2
-1650,0,11560,8410860720,0,-15,-2
-77,0,3542,37404360156,0,-3,-1
856,0,4281,83835508621,0,21,3
264583,0,291750,59933298384,0,91,3
341,0,2023,260313869552,0,18,2
48100,0,273300,46604874700,0,18,2
-4490,0,20590,275292326180,0,-24,-3
-390,0,8610,6164867610,0,-5,-1
1020,0,11630,183962604300,0,9,1
4250,0,38850,38850000,0,11,2
